-- phpMyAdmin SQL Dump
-- version 5.2.1
-- https://www.phpmyadmin.net/
--
-- Host: 127.0.0.1
-- Generation Time: Aug 23, 2025 at 12:02 PM
-- Server version: 10.4.32-MariaDB
-- PHP Version: 8.0.30

SET SQL_MODE = "NO_AUTO_VALUE_ON_ZERO";
START TRANSACTION;
SET time_zone = "+00:00";


/*!40101 SET @OLD_CHARACTER_SET_CLIENT=@@CHARACTER_SET_CLIENT */;
/*!40101 SET @OLD_CHARACTER_SET_RESULTS=@@CHARACTER_SET_RESULTS */;
/*!40101 SET @OLD_COLLATION_CONNECTION=@@COLLATION_CONNECTION */;
/*!40101 SET NAMES utf8mb4 */;

--
-- Database: `pki`
--

-- --------------------------------------------------------

--
-- Table structure for table `event`
--

CREATE TABLE `event` (
  `event_id` int(11) NOT NULL,
  `customer_id` int(11) NOT NULL,
  `event_offer_id` int(11) NOT NULL,
  `event_status_id` int(11) NOT NULL,
  `number_of_people` int(11) NOT NULL DEFAULT 100,
  `date` timestamp NOT NULL DEFAULT current_timestamp(),
  `comment` text DEFAULT NULL,
  `grade` int(11) DEFAULT NULL
) ENGINE=InnoDB DEFAULT CHARSET=utf8mb4 COLLATE=utf8mb4_general_ci;

--
-- Dumping data for table `event`
--

INSERT INTO `event` (`event_id`, `customer_id`, `event_offer_id`, `event_status_id`, `number_of_people`, `date`, `comment`, `grade`) VALUES
(1, 2, 1, 3, 50, '2025-09-01 16:00:00', NULL, NULL),
(2, 2, 2, 4, 100, '2025-09-05 18:00:00', NULL, NULL),
(3, 2, 3, 2, 200, '2025-10-12 13:00:00', 'Venčanje u restoranu', 5),
(4, 2, 4, 1, 30, '2025-10-20 09:00:00', NULL, NULL),
(5, 3, 2, 2, 80, '2025-11-05 18:00:00', 'Kupac dva testira ocenjivanjee', 4),
(6, 2, 6, 2, 60, '2025-11-15 16:00:00', 'Diplomska proslava prijatelja', 3),
(7, 2, 7, 2, 120, '2025-12-01 13:00:00', 'Godišnjica braka roditelja', 5),
(8, 2, 1, 4, 45, '2025-12-10 17:00:00', NULL, NULL),
(9, 2, 2, 2, 90, '2025-12-20 19:00:00', 'Mnogo jako punoletstvo', 5),
(10, 2, 3, 1, 150, '2026-01-05 15:00:00', NULL, NULL),
(12, 3, 3, 4, 400, '2025-09-29 22:00:00', NULL, NULL),
(13, 3, 1, 2, 50, '2025-08-30 22:00:00', NULL, NULL),
(15, 2, 10, 1, 2345, '2025-09-23 22:00:00', NULL, NULL);

-- --------------------------------------------------------

--
-- Table structure for table `event_offer`
--

CREATE TABLE `event_offer` (
  `event_offer_id` int(11) NOT NULL,
  `name` varchar(255) NOT NULL,
  `description` text DEFAULT NULL,
  `short_description` text NOT NULL,
  `price` int(11) NOT NULL,
  `photo_id` int(11) DEFAULT NULL
) ENGINE=InnoDB DEFAULT CHARSET=utf8mb4 COLLATE=utf8mb4_general_ci;

--
-- Dumping data for table `event_offer`
--

INSERT INTO `event_offer` (`event_offer_id`, `name`, `description`, `short_description`, `price`, `photo_id`) VALUES
(1, 'Prvi rođendan', 'Proslava prvog rođendana deteta sa tematskim dekoracijama, tortom, balonima i igrama za najmlađe. Uključuje fotografisanje i poklone za goste.', 'Proslava prvog rođendana', 200, 1),
(2, 'Punoletstvo', 'Slavlje punoletstva sa dekoracijom po izboru, muzikom uživo ili DJ-em, fotografisanjem i zabavnim aktivnostima za goste. Organizacija hrane i pića prema dogovoru.', 'Proslava punoletstva', 250, 2),
(3, 'Venčanje', 'Kompletna organizacija venčanja uključujući ceremoniju, dekoraciju, cvetne aranžmane, muziku, ketering i fotografisanje. Mogućnost izbora tematskih dekoracija i dodatnih usluga.', 'Proslava venčanja', 1000, 3),
(4, 'Krštenje', 'Proslava krštenja u prisustvu porodice i prijatelja, uključujući dekoraciju, fotografisanje, tortu i catering. Prilagođeno uzrastu dece i običajima.', 'Proslava krštenja', 180, 4),
(5, 'Korporativni događaj', 'Organizacija korporativnih događaja poput team building-a, poslovnih proslava ili konferencija. Uključuje dekoraciju prostora, tehničku podršku, ketering i animaciju.', 'Proslava korporativnog događaja', 500, 5),
(6, 'Diplomska proslava', 'Proslava završetka fakulteta ili škole uz muziku, dekoraciju, hranu i piće, kao i fotografisanje i aktivnosti prilagođene mladima.', 'Proslava diplome', 300, 6),
(7, 'Godišnjica braka', 'Romantična proslava godišnjice braka sa dekoracijom, svećama, cvećem, muzikom i posebno pripremljenim jelovnikom. Uključuje fotografisanje i male poklone za par.', 'Proslava godišnjice', 400, 7),
(8, 'Zurka', 'bas detaljan opis', 'kratak opis', 300, 13),
(10, 'Nova ponuda', 'Detaljan dugacak opis aaaaaaaaaaaaaaaaaaaaaaaaaaaaaaaaaaaaaaaaaaaaaaaaaaaaaaaaaaaaaaaaaaaaaaaaaaaaaaaaaaaaaaaaaaaaaaaaaaa', 'Kratki opis', 550, NULL);

-- --------------------------------------------------------

--
-- Table structure for table `event_status`
--

CREATE TABLE `event_status` (
  `event_status_id` int(11) NOT NULL,
  `name` varchar(50) NOT NULL
) ENGINE=InnoDB DEFAULT CHARSET=utf8mb4 COLLATE=utf8mb4_general_ci;

--
-- Dumping data for table `event_status`
--

INSERT INTO `event_status` (`event_status_id`, `name`) VALUES
(1, 'U korpi'),
(2, 'Prihvaćen'),
(3, 'Odbijen'),
(4, 'Na čekanju');

-- --------------------------------------------------------

--
-- Table structure for table `notification`
--

CREATE TABLE `notification` (
  `notification_id` int(11) NOT NULL,
  `event_id` int(11) NOT NULL,
  `date_time` timestamp NOT NULL DEFAULT current_timestamp(),
  `is_read` tinyint(1) NOT NULL DEFAULT 0,
  `message` varchar(255) NOT NULL
) ENGINE=InnoDB DEFAULT CHARSET=utf8mb4 COLLATE=utf8mb4_general_ci;

--
-- Dumping data for table `notification`
--

INSERT INTO `notification` (`notification_id`, `event_id`, `date_time`, `is_read`, `message`) VALUES
(1, 2, '2025-08-23 02:44:31', 1, 'Vaše zakazivanje za događaj Punoletstvo je ODOBRENO.'),
(2, 3, '2025-08-23 02:44:31', 0, 'Vaše zakazivanje za događaj Venčanje je ODOBRENO.'),
(3, 6, '2025-08-23 02:44:31', 0, 'Vaše zakazivanje za događaj Diplomska proslava je ODOBRENO.'),
(4, 7, '2025-08-23 02:44:31', 0, 'Vaše zakazivanje za događaj Godišnjica braka je ODOBRENO.'),
(5, 9, '2025-08-23 02:44:31', 0, 'Vaše zakazivanje za događaj Punoletstvo je ODOBRENO.'),
(6, 10, '2025-08-23 02:44:31', 1, 'Vaše zakazivanje za događaj Venčanje je ODBIJENO.'),
(8, 5, '2025-08-23 03:22:21', 1, 'Vaše zakazivanje za događaj Korporativni događaj je ODOBRENO.'),
(9, 8, '2025-08-23 03:22:23', 0, 'Vaše zakazivanje za događaj Prvi rođendan je ODBIJENO.'),
(10, 1, '2025-08-23 04:01:03', 0, 'Vaše zakazivanje za događaj Prvi rođendan je ODOBRENO.'),
(11, 12, '2025-08-23 09:23:05', 0, 'Vaše zakazivanje za događaj Venčanje je ODOBRENO.'),
(12, 13, '2025-08-23 09:23:05', 1, 'Vaše zakazivanje za događaj Prvi rođendan je ODBIJENO.'),
(13, 2, '2025-08-23 09:42:34', 0, 'Vaše zakazivanje za događaj Punoletstvo je ODOBRENO.'),
(14, 8, '2025-08-23 09:42:44', 0, 'Vaše zakazivanje za događaj Prvi rođendan je ODOBRENO.'),
(15, 1, '2025-08-23 09:43:43', 0, 'Vaše zakazivanje za događaj Prvi rođendan je ODBIJENO.'),
(16, 8, '2025-08-23 09:44:23', 0, 'Vaše zakazivanje za događaj Prvi rođendan je ODOBRENO.'),
(17, 13, '2025-08-23 09:44:30', 0, 'Vaše zakazivanje za događaj Prvi rođendan je ODBIJENO.'),
(18, 12, '2025-08-23 09:45:35', 0, 'Vaše zakazivanje za događaj Venčanje je ODBIJENO.'),
(19, 12, '2025-08-23 09:45:36', 0, 'Vaše zakazivanje za događaj Venčanje je ODBIJENO.'),
(20, 12, '2025-08-23 09:47:52', 0, 'Vaše zakazivanje za događaj Venčanje je ODOBRENO.'),
(21, 8, '2025-08-23 09:47:59', 0, 'Vaše zakazivanje za događaj Prvi rođendan je ODOBRENO.'),
(22, 2, '2025-08-23 09:48:01', 0, 'Vaše zakazivanje za događaj Punoletstvo je ODBIJENO.'),
(23, 1, '2025-08-23 09:48:03', 0, 'Vaše zakazivanje za događaj Prvi rođendan je ODBIJENO.'),
(24, 13, '2025-08-23 09:48:04', 0, 'Vaše zakazivanje za događaj Prvi rođendan je ODOBRENO.'),
(25, 13, '2025-08-23 09:59:50', 0, 'Vaše zakazivanje za događaj Prvi rođendan je ODOBRENO.');

-- --------------------------------------------------------

--
-- Table structure for table `photo`
--

CREATE TABLE `photo` (
  `photo_id` int(11) NOT NULL,
  `path` varchar(255) NOT NULL,
  `file` text DEFAULT NULL
) ENGINE=InnoDB DEFAULT CHARSET=utf8mb4 COLLATE=utf8mb4_general_ci;

--
-- Dumping data for table `photo`
--

INSERT INTO `photo` (`photo_id`, `path`, `file`) VALUES
(1, 'offer1.jpg', 'data:image/jpeg;base64,/9j/4AAQSkZJRgABAQAAAQABAAD/2wCEAAkGBxMTEhUTExMWFhUXGBgYGBgYFxcVGBcYFxUXFxcXFhgYHSggGRomHRUXITEhJSkrLi4uGB8zODMtNygtLisBCgoKBQUFDgUFDisZExkrKysrKysrKysrKysrKysrKysrKysrKysrKysrKysrKysrKysrKysrKysrKysrKysrK//AABEIAL4BCgMBIgACEQEDEQH/xAAcAAACAgMBAQAAAAAAAAAAAAAEBQMGAQIHAAj/xABFEAACAQMCAwUGAwUGBAUFAAABAgMABBESIQUxQQYTIlFhBxQycYGRI0KhUmKCscEVM0NyktEWU+HxJHOiwvAIJmOytP/EABQBAQAAAAAAAAAAAAAAAAAAAAD/xAAUEQEAAAAAAAAAAAAAAAAAAAAA/9oADAMBAAIRAxEAPwDmer0p52ZnwWHpWUtY3X1/rW/C7LQ5oAZxlmJpY0uDTu9tCGNKprTegzbXmGBoi+u2l3I5UOtnTWxg8JyKBSk+BWuvVR1/ZFTgqVPPcEHHQ71BaWxzQCF8HFZE1EzWbFjtQUiEGg3d69GcneowhNSmA0BC4qW2lOagiSpol3oGcl0Rg53oy346zEA0mlNetxhgaBp2lkyoNJuFW+uQAU54qweMfKk/DpTGwYUHUuF2axICaC4zxXuzqXeq1JxqWXCg4rTjRMagMckigD43xR58ZoO7kzGATvU1tFrG3lSq7YhiPKgG1dKd9lj+KtIyM057OgiVaB77Q/hWqdb8qvPbmPKqceVVBLU4zjagEmqFiKbf2TIQCFJFB8QsinSgXVMRtRFtZM42FGTcCkChudAsth4hVkhTkRvik6WDIw1CrFwqPqaAiR+TY5UG3Ejmt+LzkLsNqQ94aDUyMrfWrZwSVXG/OljcJYc6YcNgCsAKDe7j1NgCl1xaaTvTjjMvdjlvVamuHkNAUsi0bYNqdFjGWLDSPM52pa9gQuc17h900ba1OGAOnbO52/kTQXPjdlcXHhmB79N1TYllPxaSOeMZx86raro/Ly2PQ+tPuHTShRc57zSMHJ8S9SQPKrDxfgEdxD3rP3c7LnI+E7bax/UUHPJLxc8udS2lpExJO58qLsuw967kNDpx+Z2UIf8AK2fF9M0bH2HuIyS09ug/zsxz5bLQIbjgpZsryrF7w7u133qe54qYmZGxqUlTvkZH8xSPiXFmkbfl9qCATb1l5dtqFaTNe10BkMmaMiXalCPimVmxO3nt9elA/wCHwh4j9aTvw9xv0roPAOydw0XiQRA/8zY/6Rkj64piPZ9thrj7R/1LUHM45e7waD47dmTBzV/4p2AZR4Sz+o0n/wBO39aoXFuESxMQ6nGee+Pkc7g/Og34VfaFOfIUtnkDsx8zRcluSAo5mtW4WU+I86AO1TLAetW3g/DtMikcqVQW6qMmm1lxDfbcDagf9pJEKjrSMX0QwCuwoe+uWcmll2hC0FobtFGNgNqDkvoZd9Oap4VjRdnOVGKC0SXMSRnAFAW16MbnbypEyOxzvXgCvOgZz3AcmiuByDxelJ7PfUaIspWGdPWgm4rc6vCOVLO6qV23x1r2KBzFxFpBg0dZFV3JpRFanIxRzW486D3GJBJuOlLY48naipIyDtUq2R5igX3AfkTtUvZ9LcysLkuECnSEIBLZHMn60XLYHqahl4WDQWPhdpcRsDEO8g1AqwZdWknmy5G4q0ceyy7c8Yrn9nLcxjQjg5wFB2JJ5AeZq+s7xxIJ9KsVGd8+LqM0Fel7QSxgp3hC4xpbcZHkeYPWqXeX8+T4ic75+dWntPwtWBlRwABlhzyBv96T9nbpZYvEo1LzwMbHl/tQVnunZskEknPzqSe0c/kNXPu0B2WpVYeVBz9LZvI15oWHSr6LdCckCtfcYyeVBQgp8q7H7P8AswttGs0q/jsMjP8Ahg8gP3scz9Pmj4VwqBW76QeCPDfNs+EY67jl6U5tuMR3MmmOR+8IyAVIDD9zz+lBefeNudDyXdKTFKkOWznyPOqjxPibRkd7KUyM4G5A6E+QoLldX7Cl0t3FKNMgB+fP70st+Jhl2bWMdcZI8wQcH6UuvUb4kO1AD2l4EYT3sALLzwNyPoOlVP31nfxHlV1i47pUq/ltVevYUdicDO/j5Z67jz9aAK63qayvCMIBzoaUY2zWOGn8YUDRUZXCnrUHGAyHSetH8QRg6uRgbUNx2ZSy4OaAThNqXyKMi4eAcHejIo9EWoc8ULwSTU7atzQRXcyptih7wggYFGcbKFfUUojuxgCgMit9sDrWXuBGNI51PYgjxUrn8Tk0GoXUc5orux50OEx1rbQaC2rbCtzaVHGDmp9RoIu5FSKuK2xtvWrybYoMOtRMK0YmtgSRQbR3ncHv9KsY8soPLOCM/PBOKQdoO2Ely4LDCjoPPzNF9oG/AbIPNeRx+Yc/MVTp9jQOpuPExGMZ3GCT0B54qbsrOAXHnjH0/wC9VuiLSUqc8tjQX3Oa960Bwe971MZyy8/Mjzowk5xQbhq3TJO1Rq9PuyduDIZW5JyH7x5H6c/tQWK27IxtbLHMxyfE6g48R6EjfYYH3oQ9nHtm02elF0gM8jPI7bnCISxKKDv5b0TxXj4hGTknooGST0G1c94hFcTyGR72FJDv3etjo8lyox9s0FvtZr1JdEgWUFxgoG2X82snamvGex9vM5kYeJgobxOAQvwgqrAHFVTs5x+RHEM/xdHG6uPMN51arzinrQL5OykaEsjlSdyo+Enzx0PyodrHQCDvWJuMEddqW3XGs0CbjGFJ2qtyylmIycUbxm+yW9aSxSYNARM+pB5glT9OVb8Jl0OCRRXBrcS689Cp++f9qc/2Sp+dA8ECyoobkarnF+Hqkuld6sSyaY8Y5CqsLrMjOelBDPcuAVOwqLgE+JCPOg7+9Lsa14exVwRzoC+NKVc5POltqupwKb8bhZxralHDTpkBoLKX0DTjpQNvADqPXNF3Eobeh7fY8qAC5XScGsi4r3E/jobTQXgTCpNflXntsb1kJ50GS2ayy4rL7CoXU0HmcVqwqB4znaplG3rQazQK4KMMgjBqjcSszE5Ruh2+XSr3NKEK0r43Y96CfzAeE+fkKCl1lTWGFYoDLadkbKnDDcH5VceFXPfprGAw2YeR8/kaowblRtjfPExKHGRgjY5+h2oLu2Kc8Mvljjx5kn+Q/pXPFuppGGmbHoQB9iBWJbuaPJLs41EYYnbluMcqDrlhMknPDZGN99qXcQ7Jwu2oBFHoMfrmqBY9oHQHSSfMdR8vMVIva2XlnaguyWcUIIA/XNB3N/0qrT8fZhQv9oE0D25uvWlk9xQMt0aiiYk7UBy8NWRWZ5RHjlkZpVd2Oga0kWRRzK5BHzVgDj1GaOhheSRVZSFxjBznYczWksGxC/nOhfU5H+1A17PQhYdR5sSfpyH8qad8elBLZMqBeQAArHdaceLOaDbifEpVTSo59aR6jjfrT+SIkY51CnDdWQTQVt41+tYtmKnOKfw8NQE6q1mtAeQwKBZc8Q1Lg1HY2TZ1Y2pmbCMDepO/yukchQAQy/ielMJZACMUBbY1nNbXiZUkUAPEZsvWoWh2XeptLUHQo386Hu5cVrESxGOtFvYqBqJzQBrNq2qcKaFDJqHQZ6UXckDdW28qCG6YDGB4qElvmHSp7aAE6nbbyrbuIwCRk70ALSGQjI2oqVRpG/Ktn0quahiwV86Cq9orbD6wPC3/AO3WlFXS94cJY8A4OcjO4+tU6aIqxVhgg4IoNBW4ao68aCbvyTknenUboYQGO53Py6ADHP69KQxJkgU2hsWmkWKPGSDuT4cKupiSBnGB5ZoAZLdlIdDsDseR232qSK41k5+I+Z5n0PnTHjHDhAwQHOY1YnfxZyM4IBA25EUjZd8+v3oGarW2mjeBcPF0xVM68FgARvg4Oxx5g8/OnH/BVxzEbH+LB+29BXUhJqSOfuXDYyNwR6Gmd9weWD+8SRPVgGX7jlSW91MpZVLAc2UEgfM9KBhecej/AC68kYI239A35RW/AUZ2759gBiNRyHnik/CI7csDPI4Gdwqav1z/ACFXOF4f8CRWXy5EfNTuKDBuuhFbRRK2/KobybVgY+1Y08hQMEjxyOakkukA0kb1Ctyoxigri7AySKDS8uUK+Eb0BHcsQQeVHWrIRkjnWXt+o5UCk3uxXG5qUwGNd8ZIzt0pmlhEQS3OthEoXHnQVm3fDZoi7JK1Zb60g0rgb+dLZbVTyoEdtZM25G1Ol4cmBvREUeV09K97qKBtgDAzgY5iknERMDlGJjJ3NNJsREjVq32rDzmUaRgKOgoCeEyRLFyy+eXU1m6iOoMqAeh60oFxpyoAB8+tMBLqUYY6vXmaDa+lUr4kAPpS33oqOVbFC7btisyLFrwG3xsKAeS8LDGKlhYL4TsDUUkqcuRoWcE8jQOO8TBUGlfFLdHGGH8XUfWiWiAh17kjnttR/ZWxa+D6NKRx/wB5K+yJ1wT1OOn8qDm80ZVip5iozXUOOWHCYzlo7i7cDB0OLeNseX56rbcY4QdjwqVR5rfSlvsy4oKmtFWt8UOTnIBwQcEHz261YU4Rw642tbt7eQ8or1VCMfIXEXhX+Ib0r412fuLRgtxC0efhbYo/XwSLlW232OaCN7lH3Z3ZzjJZiSTyHMb/AHqGaMHkavfse4eguZ7xwNFnA0m/R3DYbPoiS/cVzkBnYFmAZ28TNyBY+JmwM4ySTgUFm7AXRjvIyDjcqfk40/zC10rs/a3izyNMDoOdywZee2hen+xqmJ/Y9q3dIk19IMa5hL3EJY8+6CglgPXPzNW5maO0ivbaSQQuxQxyHX3bBmXngBlypHIEbfQLRIgYYIBHIg7g/MGgrixRkK6AFwdsYGPlVfXtg4+OMH1Ulf0OaYDtLC6YB0s2QAwx+vKg4zd2hBYqPBqYD5ajio0R1GvfGcagdwfpuKnkLMrYzpU4PzOT9eR+1Ysr4oclipxsQeYG+kjB1fI0Ba8YZQCcsM4z+b6+dOYuJq4ym/n5j5jpVbt+JAyEuilDnK4GBk/EByzTZeHxFVkiZkJ6qdvsf5UG6s5J6UXDCCQC30rEzY39KadmeECcSzyHu7eEeOQj8x5Ig/M+429R5jIQSWOfzaRUM0ekYzkUf2sijt7hrYMWKacnGPiRX3GTjGrFBWNnJPIkUe7MwAHz8/SgxFKBseVeYZOx2ortDwWS3lEbMr5QOGTOMEsvUDqppcc5C0BbDOxPyrD2bDkaiKHOR0qfS8i7A5+RoPWkXi3GaKNq/wCz/KhYy8e7Cpf7X9aAWZWbf7mhr22Zd4WJI5+lM7yFUOpW8OOVQLekjQuF1cz1oMdnNGo95ux5dck7ADzrovELNrKJIoEBvZxgyYBMSk40oehJ2z6E9BVV9nXDVfiUakA92rSn+HAU/wCplP0qyXd/I/EJ0ilV5iThv8GzhjUI7u355Oew2UtjOeQKe28mqeTwZ0hU1/tsqgM2fnn7VULS0ifJJKsvPNdR4P7tdw3OlHKQDCzOcGRgrMzBOSrsMA74PSq5c93aQR3ElurXUq5hicaliTpLIvVj0B5fQ0FFnVWc4Occq3t7Y5JOT5Cuk2kZu+DzXF0FMqNI0UmlVYBMYA0gbagy48vlSK/skt7GCWQfjTEsvpEB8R9TqUj0NAHBxDu4tBwfTFYvp2lsreGFkRI3maeMukWt2bVHJ4yO8AXIwMkEcuRqDs5wqWebLSKkCjVK/MqvJQB1djgAfPnjFQds+ECyu3hDs6hVdc7Ehh1xtnII+lAsRgc9fKpuM9iWWwPEtSouoKI9yX1SiLUOg3JPqBUXDYJLiRIo08bMFUfM8z5DqfTNdM9ssa23CIYF+HvYox66Y5HyfmY8/M0HAy4HMgVYezvai4t1Masstu3xW8yiWBgf3D8P8JH1q8cdtpLPg1jccMYorhXuZo9pWkZRp7xuegPrUryB0iqjAo4lfl2VYI2AluSp8KRxRr7xLsBp1aSfRpBz50HVOD8PthwS5mVFsVvY21a3aWNA+YUYHGRG2rUB011za09m1zKw7qeymjyfFFcq36EDfp6Vee1PFTP2aafGlZZV0Jy0RLeARJjphI0H3rh7oDvgE+ooOpJ7OLe3k13vEIYYB+QOrTPtuBsAD8gx9K37Wdr4p0is7KMx2sJGCdjIQCFAXnp8RPi3J3NU3sjdQQlu9OktjB05GN+eB8uldX7A8JtJrlZkWJu7BcMmPi+EZC9fFnfyoKTw+GSZ+7jRmkOfCoJPrkdAPWiuJ9nLmKPv3izGARlGWQAgkEN3ZONxj/rV27cy5klitmEbSEe8PglpSqKix6gcqgAGQOZz65K4qnufCkt3I7xl8Xpvrb7HAoOIcGsjPJBbh1j7xyS7Hwrnq56DSu3qfWrd2Ps1uLW9tEaGWYTXJYAKXmgW0kS3eAkZYC4CMMctQzz3Sey3gsV1flJ11xRQyyspyA2nSgBx0/Ez9KX9j4iIb6fGdNoYVA597eOsCAfwmWgHmgS2CJcWM4kIy3fPJBnf/CTuxgDbc6tzV27GdkoL4KbW4YRhh30chXv4NtxlQFkVseFwB6jIIDj25osVjw+3JzIrbE7krFDoff1LpUHs5h9z4NcXmrRLcuY435EKhMa49Q3fN9qCPi1hDd3qW9miouRGCo20pnVK5/N1OTuQAKtPGrOOMxQBStna4bTya5nxq0j9oDPifllmHMVt2FuvwLm/kCuVDIrCONXfSAzeJVBbU2ld+q0t4Pwwy3KwXU0j3TgySBCCIFxqAkds75KjQowNQ35UFS4xas7vPLvI7Fz5ZPQeg5D0FN+wGpWupwMmCBig697ICsY+uGH1qS34BJcXNwhlC29uziSc8gEJ2AzgtgE+Qx8gXfZma0tbC8uYVkZBIoUysCZHQIYjhVGldcg2325+VAg7SSKs5j1hjCkcAHmY0Acn+MvSOO/CPnTkGnXYzg6Tme6uiTBCC0hzvK58ZXI39T5llHU0wsbhZrG8vJreBI1/Ct0WKPwFsLlW05JGtd/ME7Y2BdHxEFlWGLW55Io1MdsnAAJOwqKPtG8jCOOHxHbABZifIKBkmmPYWAQW99fj444jHF+6xGo/cmP9fOiPZTYIJlnlwGYtFAOrOIy8rD0VBjPLLkc6Crz3obwMCGzjBGN8+VQe6r6VL2wttF9cAbfjOf8AUxb+tLcn/mUEHv2oHwnb9Kd9nOHK+ua4OiKPSBpI1O75KopO2SFYk74AzVQE7Rsxxz6/P0poOJzG3EMS5BcSNkeLUFK+E8sYb9B65DrPs34kZLueNVRI0jUhUHMl8ZZj4nbA5k9dgKq/Fp/dLVznMt5LIznqIY5GCp8i5Y+oFFeyC5cXeHXHeQsATjdlZGA29A32oL2mqFvBEN+7ijAGOh1N+pY0F79ndtGvCy8nwS968meWjdDn00p+tc0u72a/u9QDappAEU8kHJRt0A5/ImrjxfiZh7OIybM6pEBj9qbEgx/lDih/ZFw8kyXc2Asa4TO2ksCXb0wu38RoGXbuSOC3teGR/wCI0av0PdhwCx9Wc5/hakXtOhllv0tokLfhxpGi+pYk+g8z0C+lBcP7Se+3c96yaobcNMNQxuDpto/Ri2k/wtREPaK+mtzcO0EI0CJrtkKytuSY49GSWO58CjHmMUE1nEkc1tw2E6wsyNcOP8WUEFgP3EAIA8x5jNJvapPnikxUZ0Rxof8ARr/99N/ZNZM97LMWV4YU8MgBXLMMDZgCML3mcjp1G9Uvi/EfeLmaYEkSysw23C58Of4QKBnFfQ2alrR3lupU0d4UKLbhh+JoBJLSH4Q3IDl62j26HHD7Jf8A8q/pbuP61Sba/wCQGMKcMxGNzV09u51WNi3QyfzgY0FL9mnbQWbNbXOHsZ8iRWGoRlhgvg80PJl8t+YILj2jdnE4XbslrqMd7J4pCQQkUYDx2qtnJDMWbUdyqAHOCaqPs+4Qt1fxRyDMSappfWOIaiD5gtpU+jGumrxn+1Oz17NOPFG8zLy2KMJ4lHyDqnqB60AHHF/+07fHQxf/ANB/rXLuF8LafvtLBe4gkuGzndYyoKjH5jrFdS4Spu+y00KbyW5ckDc4jmFyBj1jOBVO7NWbRWHE7h8YMEduu++qeZMqfXCqaCoud665/wDTzH+NeMf2IgP9UhP9K5C2QdwR+ma6d7BOIhb6SHl3sBI9WjcHH+lmP8NBNw3tEIeM3QuWlkVbiUQxKqEFzM2ku7EFUUb7Z/TBtpuYuIT9xcrpZwe6kjZlKsFY6SCdLDGo7jn8ximcZ4M57Q3KKhY/3ygDOQ0SZPoNTsMnqKLt1kTiFsCWRlniUoRjIaQA/I4b60C/2Y2bWvF7uylIEjQXEK9A7hkdSvoyAtjy+VLODQ+7nhlm40zT3ltc3CnYqgkWO2icdMgySYPLWtR+1zH9tXOkkH8E5BwQ/u8eCD0PKqYLqQOJdbd4rBtZJLagQwYk8yCOtB1r24xSXHEbS2i8Uhj0omfzSSHLN+yoCAknopPQ037ZPBFwvh8ELiWFmCJIOTuqEavmx11zTtF2/nuyzmKKKaSIQyyx6tbxgklF1E92rajqxuRgZxsQuz3aqa2URd84iDa1QBWEcn/Mj1DKNgtupB3NB9AxsLDhKBkVXC5VGxjvmYyLkeanxfw1X+xz+72NzxJ8d7LqVCxzkhioJP70pJPoopXxTi63fDrWGN8yJuxbOCApVW1H4iQ2c0pPHlNpDY3EJbuJS4CSBVlHjIWTqoBkOcZyB0O4CxcZzbcEt4osu9zIC5GS0hclzy3ZidC+uK9NbRrwO5hR8vFMnftzUSa4S4UjmFBCE+aNVHftldByrzNpDEhVwqpkadMXWNQvhAUjapeEdqFhE0TxE21wmh1GzKRnTJHnbIzyPPbyoLVBC54AkUALyTXOhgvUmZiuryGEj38qJ7QR54ULW1DN7vcJExUajKdBLSAD8rSswHqoqt3l7cQwRKJfc4WXKqzyLLNr+KaSOBWKocaRq/Koxq3JGu7Ka3Yx3EpUaAyCM5EityKuOanFAyHFPcrV7QxpMr595LOwzK2PBGyNsECquRzYNiiPZ/dtc8Vt2K6VhikVEUERxqUIIUEk5JbJJJJPM1QgneT4kyRjbB5eVdS9kUKm5nZQdMUYXJ6mRsj64jb70FX7czlr+5XbAk5/JRVZK/vUVxfine3E8w3DzO4/ylyV/TFQNdg/nX/TQLntSQzE5I57/rRCa4lUq2x22IJFObfhMIJ1KwIzzPP7dKRcUmCuUABA68x+lA14H2gNvdwSrrxGwYqMEtnwuv1UsPrVk9tCf+NguI2Gie3Uow/MY2JJB/yyR1z+S51EFNOoeW386KueKzvCsErkxRksitg6GOckHmAcnbOKCyf8QStZJaSFSO87xCAc9fDnljLE8utWjsVx+M2d5Zhgs5V2RWZV73VHoKoXIGfDyJ/N86oXDfEhUnUqjY+WaTTWrlwQcg7DH9aC88f4rFbwe6QFXAy9xImCrS4wqofzIgyM9Tk1F7SlkS5gsYEkMcEUSRBckO0gyWAHxOxOCfMVVpYMoTqyc4wM4250wtu3t9EEVJ01KuhHeGN5UTHJZGXOPQ5oOkoI+EWCWbMpurnLS7jYMMMfkFAQeZyfOq1rQ/lBqmWvE5ZZWaRw7Ocu8m7H6/05Cmyq6jSnIn9r742NAZxG4REc92vwk+nKnvtOuO+4DwybqWgz1wTayhv1Wq5LZxmF2nue6jAIwEaSRs7eFRheuPEwqa67e2Y4dFYJZyXCxNlDdMqjmzBmWBgTjWQFzjHU0FX7G9pDYXPfiMSqUeJ0J06kfGcNg4OVHQ9R1yDOK9r9VmvD7WH3e1DanBk72SVtWod4+lQBkDYD8o3wMUk4rxMzEfg28QXOFghWIb4+I7s3L8xNAK1BZexfbO44dKzxKHRwBJE2QrgZwcj4WGTvvzOQemO0Xa03EQt4beO1txIZTGjM5eUjAZ3OMgDYLjYAeQxWyaljgdh4Rn7UDzgc4ZNLEbHGDjcHyzzxvVj4LGlvcRXKKA8TahjK52IZSBtgqSPrVD7llBDKR8wRWbe+kT4XYfXb7Hag+iL25tprvvopkDXdm9tnUNUbg6otQBypPeON+qqK572A4Vdpeg3q93DZ5lmkk5KUHgAfkSWwfkCfKqVD2jkHxAN+ho657TmVAjvJgcgxZlHlgZ2oFXarjPvV7PdDIEkhZc7HQPDHn10KtKy+SfXNT37KzZXGTzxyoNSMjIyMjIHMjO4H0oLnwrslDFaLf8Sd44ZP7iCPHf3PXOTtHHjfPPBztlchSdqyp/8ACW1taKORWJZpsfvTzhmJ9Rpq1+3YGV7O7iOuyeALEy/Ar6mZgcbKSujY/sEflNU3hvANdhc3ruUWJoo4RgETSO3jQHP5Vw23n6GgJXtpfjlezf6yB9ANh9qIh7XXj7NOjf8AnRxSZ+siGqqgycCpsKPX570Fvh4q7kGaytpMbgx6oG+eY27v7oasHAjb3l5bRSxzRguDodY5o20gto71ShAOnG8e/Kuc2d4yHCgb/wDzYedXjhA7gpMz5kQhxjYAg5+ooCeNT2z3s0l3d5DSNlI45TIQraRHqkVVTAAXOTyoHtt2tjll1x7aUWNFXdURM4G/M7nenPaDhMHEiZ7R171jqkhyNYY/EUBwZFJ32yQTy8qJP2SvdZjFrOzZ2xEx/XG31oNba4MuWIO3MjFdauGXhHCSnw3V1k4J8S6lCs3poTH8TetVbsxw2Dhv43EJY3nXxRWaOrlWG4edlyFIPJd8c9zsK32h7QteTPNJIWkY4AAOhFGdKIDyAz9cknnQJWOT4Dt5Uets2BsPvQiSkEkY8vKphKf2v1oDIeIsVZ3OnIxnBYn12ra1KZV2AYeWf/bQV80jjmAOer4Rjl0qOQIAD3gJ048IOx9R1oCL2XWxYKNI2Axy+1YjcbmTOnGAvIb+fpQMOS2kN9RucdTgVNb8REUyN/ed26MNQ0htDBtJ2OBtQSvOAhjQrnI+E5PpnNAvIwfOoeuNv06Uw4hxSfREikqqPM6lWLD8dVUrpOwAGvH/AJjcqxf3zXCwKIjiCMREhydYUKNvCAmy9ATuSS1BD71r88bgD5elC9y+wGMknHLp+tWSZrh7lL9bZIzGsU5jXUEaKMkqwByQCkQU4z8DNjyne6m/HjmgUzyabqR1I1IkSqyPlSVWPQXznJbvs5zzCvTWbQjUWTPTLY+gHU0xi4nlF1OUY7HK/rnHKmT8Wurg3FwsRAaIQyaJfCv43eBjk6idOUPPAZuQOKhuVuJZ1EkBLW0cRZSVXbSZQ5OAWdlXJwGJC+lAm4/eAxqBKHyemOQHpz3xSMODyNWri/H50E5lt8LdanRtbYKPAUBOrJljCzK6bqA6g/lKjXtGLu6eGI2uh4oyAFdWBXUkIBbOA3eoU0ZzqbSFzzCrahWpI8xVpS9d0ZEsV0XMIt4i7bqtqmWKyEKNSuEkZiAPAB5mpbjtU8VyzyW+l1jjiZTJhsxSd5gkJpETDCtGqgMuN98kKjq+VM+H8URMAqfpg5p1xy4leBLT3TS0CLMzAL3ixRrKMPpJ8IMxO+COvPaG94pIlvAs1iiqe4LSkaWuo4kVlRjj4GTuOXLQerMAB1rxiBtg6jPRvDn77GknaK0CMJExofy5Buv35/em3E7+4CXOuzCe86LhtDgRqY+6aR9K5JyWDaGbw98DpOxqXiHFbhZpWazjj7sRvIokXSmm8kuwGbJHeNll0fF4WIXoApmsedalx5irxc8RlCtK9rGFnhVMI7Q7iNychRsje8CQxbA4jPw4FaW819HLCXt3Yx2ugYnVWCJKrmVZDkRscxxsp3Kvp/MKCkFt+dY686tc9zczWwt/c41Eh1pINMYALyXbBSxA7sIRsT4AnMFiKzwvik4WOBLQs9m6yuM8vd5ZC3gK+FyZdLHLFtCDG1An4X2iurZCsE7pG2dSbPGx9Y3BUn1xUPFeO3FzpE8zOEGEXZUQH9iNQFX6CrDavcG+im90jUyRRyxRHSsTCKFVR0BYbZQPoB1Y25b1M0jPDMY7dNPelznJjQTzQSCIrjLAtbADf4WcYPMBS1cY/wCtZEnrVw4st2b/AN4FoVe20PIhmEuO7fUSznZR4guANtts0DfSXE1pHGLbSqz6Q+pd5JWmkVFQ4KkiUgtuGESctBoElk/jXfr/AC3pnccXkzg7U5guruOW2KWRiaFZrUaX0GXEOp9bE4JUu8xfZTqH7OaEi4gUWaMjDvpVsjDI8UySZwR8QMZUg/tGgRC5wcg4zucHpVk4Rx/buGJYMQCGYsPXYn9Klk42N393jz7577nJ1B+9193nl3ejw4xz8XpQFxxXv5Fd4FULEECxDQp0s7Bgo3Hx4xk8s9aAriVjbRnGoKc5GMk79NulAwxqFJChtycnOD8sbUPjJJORnockjy6c69FIRhfh+mdvlQbRYZ+QGeh5UQ1nJn+7P2qH3sKx2DAbjPQjrW3vLHfK/YUEc7ZyhzqyAMnP6AViKZY8AYcnbwggjP03oS4h0lARvzJznOTtsRRRu2KrpCq2+4GP6UEvCE8bEasjGQR9xnO1YurdWk0qQTvq+fQDP86xFxJyCrdeoOCMeWQR+lQ29yo0nRyJB33OaAjIQKEBc5yQo5Y+Va31xIxdVAHLIB3+taS3Ca8CMDyOeefPatLEkyOcA5zsScbUB9ldSqNJlAQxd0wZIz+HrL6A2MjxMTkHPLfYVt/xC7O5a4YZTuiUAQPEVZe70IAunDtzHNsjB3oCe7lAIOjHoDWLe6xjKgnz2GPUADnQFcPunVWWIt3RdWKE+FtIIGoAeLGTsdqZ8S7S3TaiXYs66HwFJZPHlXyN1/FcYO2/oMLdDE6s5O259duQArzuQCTjAONv+39aAG8upplRXLusSBEDADQgVUCqQASoCDbzyebMTPJ2ku+873vy0mNOXWN9u974DDKRtJ4l28J+HArLXBC5CjHz/pioJYO8J8KjAyTk5/2oI4+0V0qonekrHnQrKjKuoOr7MpB1CV9Wfizk5IGBL2+eYlpMFizMX0hWOoIuk4wNICDSoAAy2OdRBa2W3zyNA0XtJeFsibBMYi2SNQYgWIjICYKZdsjkcjOcDEN9dXMkSRSs7xx/AuAQngSPAwMgaY1GPQnmSTHbRY54J+9OYCMfCPoSKBVd8duHGHk20GMjRGmVYIG1aVGSRFGNR8WEAztUrdqLsvJJ33jlGlz3cQ1DS65xowG0yONQwcORnemzQhvPHlz/AJ0Hc8FB3GPtj+VAAePTsFR31KowBpVc4VUBYqAXIVFXLZOBimDdsrnWsneHWilEYrGxVTjIXK7Dwj5b4xk5Wy8KI6/r/wBKiWxPLP8A8+1BKvG51EWiV1EIlWLGAYxMCJdJ5gnUd+Y6Y2oWx4jLCztG5VnR0ZtiSknxjJ3GfMb+tEyWmlTyz55OaAkjOaA2bjlw4QNJkRxGBPCnhiZNDKDp6r4dXPG2ab8M4zJ3LRhsK+kOoC4YpjSeWRyGcc+uarXdGjeHsVD7A8sZzsd96CyTccly5MzZlUJIAAqsgXSq6FAXAGw2GMnzNQDi0qoUXAUurkFI8FkxpyNO42+E7HfI3NKrWM9TnPnTDRyoCU7Qz6mcsCWZ3PhTBaVdEhZSultS7EEY9KGuAj6nkBLsS2sbEsxyS3Q5JNbJbgnNZu4wq5oAYkHKVtvQ7H/rUuNAJRlYcsnpih2jzzA/n/Si47NCPhxz6k86DZr7HwlMeRFRS4Y6goUgZwNsjrgY8qlhgjXfQNQ5Hcj7GtbriBfwhRzAydvEeR67UGjRKCCynDYORzx12on3a3/5jf8Ap/2oe5Dsp1ldKnkvhJ6VAT5KuOm55fag/9k='),
(2, 'offer2.jpg', 'data:image/jpeg;base64,/9j/4AAQSkZJRgABAQAAAQABAAD/2wCEAAkGBxMTEhUTExIWFRAVFRUVFRUVFRAVDxAQFRcWFhUVFRUYHSggGBolHRUVITEhJSkrLi4uFx8zODMtNygtLisBCgoKDg0OGhAQGy0fHx8tLS0tLS0rLS0tLS0tLS0tLS0tLS0tLS0tLS0tLS0tLS0tLS0tLS0tLS0tLS0tLSstLf/AABEIALcBEwMBIgACEQEDEQH/xAAcAAACAgMBAQAAAAAAAAAAAAAFBgMEAAIHAQj/xAA5EAABAwMDAwMBBgUDBAMAAAABAAIRAwQhBRIxBkFRImFxEzJCgZGhsRQjUsHRFeHwBzOCklNiY//EABoBAAMBAQEBAAAAAAAAAAAAAAIDBAEABQb/xAAoEQACAgICAQQBBAMAAAAAAAAAAQIRAyESMQQTIkFRBRQjcaEygZH/2gAMAwEAAhEDEQA/AFK4oCENqUEUrVQq8JDZRxKAo4UDMFX6hVCo6CsQVUHdOd5RarthLFndwrbtQTIxEzZpqLRKbOlB6JJSHd3UlOfSdz6IUv5KP7ehnjdhjWxDZVKwcteobr0wOENsbkgJ343PxxUwPJjchwt6gAUFzqEd0GF/AQjUtT8K1+QhMcYerat7qGjqcu55SXcag7ypLGq5x5KKPk7s1xfwO1TUCAs0zUAaon7oJ/HCBCo6M5Veu97CHEENI8ES09x5GFbj8zHexMscxjvNcBecrVmugYJ5Sg8kmQZC8u6sNk4K9B5IJWStyujTUr7ZXdH2SZHtP/CsGtoPWJcZK2o0V89mcZSbXRfjk0grW1FzhATHo79rWt7f3S1bW6adLobh7p3hZFjmzMqckFRKAdW2Q2isBDpDX+88H57fij7GwgvV1wPpikPtEhx9mjj9f2Xo+VkhPC7/ANfyTRhJSFB7lG1qxy3o5XhUVxdBfSmZTJTpYS/pz4TFSfhRZkX45Htw30pJ6hZn8U91p2cJI6iOVH47/cCydC7sWOpKQFbL07I6Kbqa0hWKqqvdlMi2wGjaF4tJXqIwbDcr3+JQb+IXorpVFXJBU1ZUNQKKk5bLUjm9ELnELZhJXpYimmWko5T4oVGDmyrSsyRO07fMGPzTZ05bwFuzUKzqAt3OH0GO9LGtaM8jcRk/a/VF9ItwG5XmeZmuBXHA4qyrqtrLSfZLzXQm7WoDD8JMqFb4TbgIym1a6wglzcFxUt5XhDH1FekIciVxlFdIQem5FLHcMjhb0ZHbDso11HcbrW23iXim0McCI+mAAQR+SV6lyQFb6nrxRs8/at93fEvciWxj0AhRl2FO62C1tCrbnBFbFNIH1bZaUWwrVV/Ycnj3KO6b08xo3VvU7+kSGt/Ecp2HBPM6iLlJRBFB4CNWd0BwYKsv6eo1QdgLD2IJI/EFKWoU6tvUNN4yMgjhzTwQtzeNkxbf/UbDIpDPXvn9nFCL1pOTk+TyoNPuyeUabR3dkhtvtjVFClWpFRMaQU219NEcIPcWm0rLN4F3RKRceE40LPCXunwAm2gUnJC0Mg2mVL+lDeFz3qluZXStWwwrm3UjpK8vCqy0VqHJWLkrN62LVq5i9TQEsNIhqPVZysuprT6SZFpEkokCxTfSWIuSB4nocpKTkXbpIhULi32FYjXaLNBytsCoUXK/bCTCGTooxxtErKMnARaxpub2RzpvRg6Cfy7lND9Ka0ZbH4KbJkvQ7FFQlbE/TqwbUBcCGEFr4EkNcNpP5E48SmbS9MqPcWM2ujhwPpcCJBHz4QS7DN528N+0SPSP8lFNL6jZRqA02ONEEDECpUdzLj27/ClkozqLH5Xq4mvUVpUpeio0tMSPDh7FJtVsynDV9SddVd72FjiHN2lz3DGZG4Y44QgWWV7H43x4PG6+Geb5FqhVuLEnsqNWwK6C3TwBkStH6U133VVLx96EJCBbWbtwwmO2tcZCN0tFg8Jgs+m949RDR8S78v8AdQ+Xj4fJVgS7Yj1aAhR9Y2jxSsuYFBwGDj+Y50TwRDgupWPSVnG6o9xMxEj8yArd303p9RjDVJa0elhMsZH2QAcDsPyU+FtbCzOD0jg1tRqeFLU3jsV2+26BtXtD6NU7XZbuB9Q9pyquodCbeQC3uQMx8KnkrJVE5t0zYZbVe2TMtHIEcGPMp6tGOechGbPR2Ma0NAAAHHsitvaN8L21KOPElEm4NytgVmkACWiPI7FAusdCbU2GMgEH4xH910X6IAygmrMDpP5LzfJ8n2cSnHDZyClp303xCY7KiIWutsAMqpQvoUalaKvTCtakIS3qjRKKvuy7hDbq3Lkai2DaRT0+5gpqsNQCVPobVbt3EQkZJNIOMU2MuoXG4QkvWrEuKaLbKnfpwd2XkxnWSz0IpJHO26S5Y7SXeF0qjow8KwNGHhUfqTpVRyh2mO8LX/TXeF1c6GP6VG/Qh/SiXlkzxJnKv9Od4Xq6edCHhYt/VGeihLHCDau1XXXzY5Qm7rbz7L0kiJkNNEtNqQ5UA2FLQqQUD2VY3SOh9NdTsYwNqM3EiN2BsMQ2AO08ozfdW7HFjqQMCHNO5j2vwQR5HsQJlc+0azDy5vpzMS4h4k8Nb94jOPdNZ6ea6HbqgG0CCMgDEHPgcLz8lQdMbGPLZVuNZDiXOoA0an8uBh7ahBLX035h2D2gxCgq2u2o3YXtIMBw3F4eeCduAfZpPHyoLu7dSuH02OywYMAQYBcWt4B+O4Kk067qOqF7qokMIDqlQtcN0tIaf/JYtLXQTC9G6cS3dVdU2na3dOGx7mRklSsfLohUWtDY2meJ5+1mYxxwjGgWZe6V6X4/P6cJE+eFtFynakq5RswMnAHJ7Qjdvp4jhA+qbxtN1Ol5IfUA52TDWx7kH/1TZ+Yqchax/BlK8psc1xb/ACweIBLh3wSob3WZLmM2lsehoJbUfMf+pExDuScHCB3LqtT0UmHcSGtO5rQ1vu13HmZhQVtLPoaY+pJLnh7XmoXcmAS2AXYIXlyySncpj1BLSPGXD3PcXmsWOG5rWEtLmjBgx68j7vj8VWrajcNe19MPpU6ZOxrQ7YwgnLgZO7OSUy6TpJcZt2h8Ha97jtoiBwMGXAgceEdOl1wBmiXRBndnEc7efddDHlkrjHRrlBabFWvrrthrMq7K5DXu37vp3QEndSBEUjzIEB3yE0dOdc03NH13RU7M3ZiOXY7zgAfKA3umuc7Y9zaR5b6WgEwJId97Int8BJ9zaPph4rAhxh1MtiC71AOJgyDHkeUcM0k+MtMXPDGStHbbuo1w+pSieSyQC4dzHY+6qW983nPwRB+CkTojXqn/AGzLiBPIw0cyTiEW6gvTTmqzh32vY+QrcHk8HxfT/pk8sd/yM1bVBJ8INqWpCDlIlbqbwULvNec4QCglBykYpJBDXL8ExKEUrnKrUabqm5xdG0SstaffsqIePKNNoa86qhltBIU76C20oAgIu62wr6SRHKTbFW+EZUDKwV3XWQMJcoPO6F5XkxTtoowyY36dVBKZLNoMJb0ejwma2ELwWrlo9PlSCtGgFZbbhVKNeFaZdBc4gtm/8OF4bYLcXIXv1whozZX/AIYeFim+sF6uo7Z8u0nkolbsVKm1E7anK+kPMRlRighW67CFVpCSu4jOdFi1Y5E/qviJI/EwtrCiif8ACYRLQDdgO7xVJB5gtzkEgSD+qY9ErOaW1GvpyZa4VWsLBMiCZxPGY5wgGpM21O32Rz37QjWiMYcuc0Bwc0gyHeoA4wcGI4PJ7rzs79zfRfDoKXP2oO3cHCQ1u1gkhuAI7D9E8dNWoACSKrQ2AexacQGFsgDaOQPkynnQa4AUym0bJaGhlHC5V1VdkX1cEwJY0PP3YY3AjI5PbuurUqwhci6wswdQrAOl79jmsid0tGOfIKO7Ah2VLT1vIDyTtc50ENYWAcGWkkzwprCd8BoZuhgMkhu4yXHcOwEwFo6pDQRtDctjc7eyBnG3uY7keVboOg7nN2gRA8A4mff+/wALktqwm/o6VatYym1jAAwCABxHlQ3NYBJ9ld1y8U6J+Q7LGjz7I3X0tz2xUqu9wza1v7Er6bBU42keVNtPYrdQ6sHvLRlvH+4QHUb3cZM/VhrR4DWtAknuSI7YRTqHpx9GatNxfTH2gftsHnHIQwWe47nbQCYy4B42gD0iRM/ivL/IwppyWyvxJ3dEGjXDabpdTbUyMPL9sf8AiQZ4TXW1AVqUfTaDySDGJyNvEZjyk+i0F2DAnk9vcwEZpNxDTgTkjkD2/JQtuh9KwRrmgOY4wMdkv/SLeV2zWNMBAkdh+y5v1Fpwa7HlejglUtkGSP0AKNcgEDvyiOlU5O3zj81TZQgotYt25HPZUx8in7ukd6LaCGj1iIlMZq+lL9vQIiAidJ57pXqNo1Y6YP1OjKFW+lOc8QO6PXITF0/YtJBIU01aooxpJ2QabpLwB6VYuabmHhPFGgNowhOt0WwvOXiuDuylzUhYNdRm9hQ3b4KHVKiGUTosMDUPdb/6j7oD9RefVQ8ArD3+o+6xAPqlYu9M2zk1J2UasRhAaPKOWTsL2jzEXqtMEKlTow5EGsUBbBRR2ZJBSwp8I25oDUE06XGAEedptQt4XSaiZFNirq1Ub2mAQDkHgjBhFrO7eaZgtaODtY1pIIJyQOMeVRv9NIPra4gnG0tDt3bkHCJtoikQ1jnEOpgPaSDDu4JAhwH6H3C8zyGmz0sN8Tei70/h/cI3pesgOIJ4J/dBtOYDh0gQQYEkcx/ZM+m9FtdDyT6gHc49WUmKTbClKkHbbWgRylfq8B1anXEGAGuOSWwSWkAfJH5Jstul2t4U9TpprmkcSCJHIPke61Y2B6kUcuu4a37O7duMg8AwR6ZwcTx3/I/0+2lVpmm8ObUMfaPpe2ORjmf0Q7UNOrMJoVY3MMgCRubnIHG0wMgfrKzSnFsucwviDG4iAD2Izu4iP2RKqpnS+0PGiad9EvDskkbTGSwdifMyiNSpC003qu3eza9vOD2IHbB8Ibq/UlvSMsBMjAmDke2YXq4vOeHGo0nRBLFzlfRT1W43NqBhj0mTEbhw5rCfvZ/b5Sbd1qbqoFIGJBAHpcAM5J4OPMYVnUdUc92Rsa8BzQJLR4cP8+yFstn7p2zntByf+d1BnzzzS5zLMWNQjUS86zP3oaA4zgSZ/pH2qp95j3jKJ6BbfWuGU27tkhzy7aPQ3LsDgdueXIXb0nn0534AZme+AP7e66B03pDrdhJH818bv/qOQ39Sgh7nRs3xVhbUAMpC6htAJMJ3u2OIQLUdKe8FelhasikhDp0wSitppzQZjCvN6dc3MKz/AAbmiIR5o2rH45I0bQChrthXWsI5CHajVgFJjo17KJfLoTTogcIhJlhWBeuiaK0FqyW2FDovu1csHqCA6vrocOVf1QekpUfajKXP6CVLZUrXm4qIvW91aRkKs0qVxNTJSVrK8XkoaCs2lYtJWLqOObMoIhZU4KsP05zOQvGDKulPWiSMNhGkrNG0DiMLLShIV+1w4JUcux7x6GXpzRGiDCcaWmiOEL0GoCAmugBCVmm2BVHNv+omlgW5cG5a9hxzk7f7oD089ooEOBgkFrXBpDogH1sh4jMwfwK6B14ybStBghhcD3BbDv7Lm2g6pV9DJ3NZG0AMJbmcEjLh/spnbiUYg0bd5g/Tjd6S6Whu4gmcET3yc+V1Dp1odb0T/wDmz8wIK54bYOa6oXPBggA02gOcMCMj09zjHA3cp46LqgWdITJh0/O4yjwq5C83+IwhgWwYqNS+hDdd6iFvRL8F59LB5ce/wMn8Fa0krZLTboC/9RbimXU6bYFZhLnvzLKcGKcjJ3GDH4pPfeAO5Y455DXUHg4G7IjHkSo36gX7t7A4kSXEu3l7s7iZ/ThR29s98emacycicec4UTduyyMeKotPfQcS5oqCuRhu2k+k+MbWFrBscYwdp+RJKrizbBdtO7d6nvqbozk+kDMT2P5ojSsZEuJbSMAiS1rSPEIpp+kvqD+VQL28Co8hjY8guyfkSutvpGUkJ1xUGRt7mCftc/mF7asJMAAn5EJl1rQXsnfRLDMB8h1N5PbcOD8wlxtF1NxIAxGHECZ7gSCeIxPPwuXdML4tDj0dpv0bguuAPW0Cm6RsY8nIjycCf8roYtguV2Ot72hrxDoggTtMd8mZT/0rrQrNNNxmrTHJ5fT4DvkcH8PKfiaT4k2VSa5BR1qFqbMeFclZKqSEWyg+wHhU62lg9kbleEIrZ1i4/SB4Q686fDuQnIsC0dSCELkzmlXpNrSSAso1HUcAp9vaIhI/UYA4ScrfZV48rdFa41J78FaMZiSotJol7k3W+mgjhKhykxuaUYqhGvaiHBqddW0IZICVbi3LDCKSrsTGSZWIWhUpCjcgoKzVYsWLqNsu6tZN2nCUW243J51moA0pNtnAv/FHG+J1bCNGjAUdWoG8ojTIQ7VwswxuQc3SDWg9QAGJTpa68I5XFLMHdhHKN4QOSm58aXQiDckO3UurNfTeyR6mub7ZBCRNEYaRLiA0boBmdsd47g+VS1G/qk8GBnIMK907dEuiBtMmPuyfZSyhUR0GMFlW3NMwA4mJmY8jwD5Kc+jKg/h2gTAc4CeeZ/ul2nQa5u7lwHGDA8bhj8EQ6QqkMLYMioZ7xKDC6mZl3Ea7ilK5z1lcuN19MO9NJoEeXPy4x8QF1G3pk8hcw6nsS2+ql0+ogg9tpAj9iqss/bQnEtgtjcRj38oxp7GtAccYzHmeTlQFo+cdwMeIP4re2uG72NiQHNJHnKmq2kPG7QtCLyKtcegw5lL+9THxhN7XIBbaw084+cK3/qjIwV6TxxxKkT05ly4c0gtcAWkEEHII8Fcz6g0uHmlMx6qecOpmQBn7wghONa9nMpZ6iqbnUzOfUDzlpg/2UOR2h8YcRNfQfTOQR84IjCbNF1U72Vt1OmymIIiJp43D7OSeJJyUIfUdwR6cj1bXN8SGvO3x7qKnVdTI2tgcyWhxJILSZIxyRiIS7NcbOsHVR5Xn+rDyuOXPVTmOLZwDH5Le06sceV6kI8qIpJJnZG6mPKmZfjyuWUepPdELfqCe6e8DQB0gXYXv8SEmW+sT3Vsan7qaWglFhnULwAFc/wBauN7/AIRbUdRkHKWqziSSpMkrZdgx0rCWhVYdlPdk8ELmVrUIcnfQqpICPC90B5K+Qzc0ZCTeobGMwnwCQl/XqQ2lNyLRJB0znrmqJwVqs2CVA4KeiohhYtiFi6jrF6/1lz8EqrZ1oKEVHwvaVwqFHQtZNjtb3IhVtQrAoFQvSpv4iVuOPFjJStE9q2EU0KvTFR31CBtiAe600TRq1c+hh2/1Hj8E6N6DDaRe7L+TjPwEnPcujYOMUQajqVI0HMaWetsfZHKWenNOe9pG2BJBfuggdwAmi3023aPVIHhzXAfsiDLe3LQKZbHsefKk4uIXNfBVoW1Oi07SQ2Igx9qJ7cpn6N0hgpmqHzWqerb/APE0GMt8/KHGnSjB2x3BzxCp/Rex4qUq7mFsAnd9oe47hDCSi7YMk5LTHsXNQcNbUHlkzj+6R+sbunUqscww+NlRpBlpBlvPsSpn6hcNB21/tSTta0c9xHfKXLeg99WqTucC2XF2TvH2SmzypxAx43yLbKMhUXWxpuFUVGbw4baY3FzvnED8VfsXEeh4IP7rNV041AHsPrGQlJoa7HTT6tG4YDth0epp5aVlTR2/dCGdOaxREU7pn0qpGKn3HjsQ4cI+9swaNdrwfJYVT72t7FKaT+gRc6Q6PSSlDUJdU25JZzHBnx5TX1JWqNG11Ta2PVsy6DxMcJVpNbxtkGBmdwA7z7zwlyk+qGxlasid9N7g00yOATTJ3cGSWPOTxwQOUNrta0jaTAzDg0PbzMx/lG/oEvIDvp4JEDcfh04IhbX2gOqUy5oOZlxEbvgeECuTo21HZyqsS97j5cT+ZRK0tcKzX0Z7HxtVyjbuAyF7GOSiRONmlKlCmL9qxzwENu7nKe8ujONBy1vfdWa2rQOUo/xkKpeX5I5Uko2GmN7NV3GJV/6uEjaPWPKYnXkMUGV1LR6GJ3EJW1wN0J70HgLjVDUv5oz3XVul7qWhPwol8iVjqDhANcfgotvwgurCQU+XRLHsSbkZKrOCIXdKCqD1NRUiIhYsKxccc7u2qlKK3VNaadpT69QMptlx/IDyVQmTNbIbJrnuDWguceAOV1Ho/oEmKlfJ52/dH+Ua6L6Ip27Q54moeSef9gnuk0AQEDlYa0RWOn06TcAQApPqbs9uwUWp1oaB3c4D8OT+yntqWMrY/YEtmOph2C0EeIQm46ToOJc1mxx52mAT7hHS4DsoX1jPgIn7kYtC9cdGsI/7jvwwUJf0OAY+vVAnu/geeOE6teecrx78/uUr0UH6jEV3TVUEht27xBaxw+R3V3S9KNMwyqJLRvLs/UcOXe0+E1taDnz+oWj7JkcCPhZ6KO9Rilrel1akbDtAHIydwkzHKCWFe6pu2VaW8CTubAcGjJkGOy6E7Thu3HxA7H9FM+zB5aCePUBJHue6XLA38BLLQm0K1vWENPqng/aj4UlfTA1o42ZMJhr9O0nHcWN3f1Nlrh+Iyox07iBUcB7w790tePkT0H6sRTosY8FzKhM4MH9/I+VvSotBA3AvMSG5JjvATQOkKbiHVHvfDQ0NnYwNHAhsT+KtU+mrWnllINcOCJ3fmnfppNdgeskyvpugAkPqYxho5jwSmL6QiIEdh2AVClV24nCu06krMdLRs7ewVqfT1OoJAgpRv9CLDBC6U0qveWjXjIVKdCbONanpB7BKuo6e8diu4XGjA9kOuenm/wBKPR3NnB6+4chUHvXVOpOnWgEgLl+pUtriPCFv4NX2XtLuIVy8v8YS9SqrKtUpDxW7KFlqNFplz6wfddf6MuJa1cPY7I+V2XoPLGp8IE852dGDvShd+9FqbfSg2rCFs9Aw7F6+QiqVfu6qGVHKdlSNZWLSViw4VbazdVeGMEucYH+V1/pHpllqwYBqHJPeUL6E0EUmfVeP5jxifut7J1YUbYos01IaoHKgY5R16jfOVyVmMqa7eAGke28/qEVta8gJU6of6Gnw79wVvouqYAJRdOjq1Y2LwhQ0boHurbCESYFES8cP+FWtoXv0gtsyiuHkcft8rPqew+VY+kFn0Au0cVAPz/SVO1TiiFsKQRWjKIMqWk1SBoC1fWAXNnUSOaEL1CtHC2ub5Cb249J89kuU6DUbLNkwvJ8BFqVCEP6dHpPzz7oxKVjgn7vsOcn0eALFhK1lOFGj2iVlagIXr14Kkj4WWbQmdU0gGO+FwLXHS8/JXeOtK0Md8FcD1M+on3WLbDqkUmMUjgo/qLX6qLZqpG7aa6n/ANO7rEeFzGgZXSujbMtIPlcm7Ba0dXoVPShusiQrtq30hQ6hTkLpmREK95KpPKJ6pTglCnlIKDQlYtSVi046VQeGhem+8BYsTIpMRJmouCeStg9erEYIN6hE0T7QfyS7a1+4WLEnJ2Ox9Biz1RzUctdYXqxbFmSSCNHVArbL4FYsTRVEn8Y1bNvWrFiIw9N6FDU1ABYsWHFWrqipVdQJWLELDSK7rhVzVLj7LFikyN3Q6KGrTKOymPJyVa3LFipWlQh9mErzcvFi44wuVB1eHx5B/ReLFkjUI3Xlb0OXEtROSsWLYGy6BxC1WLE0WENIZuqsHlwXdOnLIAN+AsWIX2F8DgGwAq15wsWLH0YhL1huSl+oVixJKEQkrFixccf/2Q=='),
(3, 'offer3.jpg', 'data:image/jpeg;base64,/9j/4AAQSkZJRgABAQAAAQABAAD/2wCEAAkGBxISEBUQERMWFhUWFxUYFhUVFhYVFhUVFxUWFxUVFRUYHiggGBolHRUWITEhJSkrLi4uFx8zODMsNygtLisBCgoKDg0OGhAQGy0lHyIyLTAtLS0tKy0tMC0yLzUtLS8tLS0tLS0tLS0tLS0tLS8tLS0tLS0tLS0tLy0tLy0tLf/AABEIALcBEwMBIgACEQEDEQH/xAAcAAABBQEBAQAAAAAAAAAAAAADAAEEBQYCBwj/xABBEAABAwIDBAYIBQIGAgMBAAABAAIRAxIEITEFQVFhBhMicYGRFDJCUqGx0fAHFSOSwWLhU3KCotLxM0MkY7IW/8QAGQEAAwEBAQAAAAAAAAAAAAAAAAEDAgQF/8QALREAAgICAQIFAgYDAQAAAAAAAAECEQMSIRMxBCJBUfAUYYGRobHR8TNxwTL/2gAMAwEAAhEDEQA/AN+1i7DUQNXQauyzjoFantRbUrUrCgVqVqLalaiwoFamhFhNanYqBWprUW1NaiwoFamtRbUrU7FQG1c2o5aubU7CgVqa1GtTWosVAbU1qNamtTsKA2pWo1qa1FioDamtRrUrUWFAbU1qPamtTsVAbU1qPalaiwoBamsR7UrUWFEexMWKTYmLEWKiKWLgsUssXJYnYUQ3MQ3U1NNNcOYnZlogGkkpdiSdi1NCGpw1EDU9q5bOygdqVqJalagKB2poRbU0IsVA7U1qLCaEWFArU1qLCYtTsVArU1qLamtTsKBWprUW1KEWKgVqa1FhNCdioFalaiwmtRYUCtStRbUrUWFAbUrUa1K1FhQG1Naj2pWp2FALErUe1NYiwoDalajWpWosVAbE1iPalaix0Ryxclik2pi1Fioili4cxSyxcFidioh9WkpNiSLFqXNqUIlqe1Qs6aB2pQiQlCLCgUJQiQlaiwoFCaEWE0IsQK1KEWE0J2AK1NCLCaEWKgRamtRYTWpioFCaEW1K1FhQK1K1EtStRYqB2prUW1dCmix0BtStRzSXNqLCgVqVqLalaiwoFalajWpWosKA2pWo1qa1FhQK1K1FtStRYUBtTFqPamtRYUALVwWqSWrktTsVEaxJHtSRYqLK1Pau4ShRs6KOLU1qJCUIsVA4TQiwmhFhQOE0IsJoTsKBwmhFtTQixUChMQiwmtTsVAoTQi2pWosKA2pWotqVqdioFalai2pWosKBBq6ld2pBiLHRwSubUYUyuhRKVoKYC1K1SuojVcxwCNh6gCxK1HLTvTWhFioDYmtRyubUWFArUrUW1K1FhQK1K1FtShFhQG1clqkFclqLCgFiSLaknYqJ0JQuyEoUrLUcQmhEhKEWFA4ShEhKAiwoFCUIsBNCLCgUJoRSE0J2KgcJoRbUxAAlFhQO1Nak6qB3cfqExxDZg+eoS3Qase1K1N6Q2YJj5HuKY4hsffijdBqdWpWrk128fml6Q3j8/vijdBqzqF00wh9e2Yn5ob8bTEkmAN8FJzj6sFFkvrVyahVa/ajQA45AtJAJBLoBOUZDIT95du2nTDS5zg2NbsoHGdIhZWWDdJmnGVE0lJBGKYQCHAgzmM9FLFPmt7IzTBQlajdUnZSRsGoC1K1TSEE0+aNh6gIShSQwQhuhGwagwxdvoQEfcme5LZj1REtXQongitOaJcjYFBARhuaSNenS2Y9UcpKk9Jq+/wDBv0S9Kre//wDn6LWjJdZezLtIKj9Lre98G/RP6XW4jyCNGLrR9mXiYlUhxlbiPILn06r7w8gjRh14+xeOcublSem1eI/aujjKvFv7f7p6MXXiXSZUXp9bgP2/Qp3Y+tHs/t/ujRi68S8XLgCI4qjO0a39P7T9UhtGt/T+0/8AJPRi+ogXNbDC3LjP8qM/DiApGFrF1EOOsEGOIn+IQy775lQkqZ1RdqwbcMCd6f0UfZUlrYEKFtPEuZAbbJ96dPAoUbdCnNRVs6OGHPzTeijn5qu/Mav/ANf7X/VQNpdKRQqUqdUtDqzrWRTqkTl6xGTRnv58CqPDXqRXiYvsaD0VvPzQq+B3tLgYMaEZje3eo7MdUn/1/wC5XQcCARoc1OeL0ZTHlU+xiH7GqUnlzGtLnMhxawNzaYDmhpycRnGU8VQ9Ket9Hqtfe2qGmoaZeJrhrh35DgDHaHcvS3vE2HfJHeI+vwVLt/YvpAukCowG05RxIdvgx8lySwaq4lnO1Rkei1Z9H9VoDw4iciCG1Gtc2k0u1AuEDIZHmF6VhHQwbuXCc1iNk7KdSa3IBu9pzkatIg5ZtB89SZWj/MH8G/FV8Jjk7kyWbNjhUUXrakotwWc/Mn+634rtu0X8G+ZXY8bIrxMC/MfZTSFRnaD/AHW+ZXP5i/3B5lHTY/qIF654Qi8biqf8wf7g8yn/ADF/uDzP0RoxfUQLxtQRmUz3t4lUo2g/3B5n6JHaD/cHmfolox9eJcdY3iUxqDifJUp2m/3B+4/8U35m/wDwx+4/8U+mxfUQ+WW5q9/kkqb8zf8A4Y/ef+KSNGHXj7/uSvR0vRlKLuC6bUyzCNjOiIno6Y0FKH3qmICdi0RG6hMaAUiwc/insCLFoQzRXDqJ+ypxaOfmm6sI2E8ZXGgVwcOeJVn1Y+ymNMfZT3MvGVvVRz8kg3+n4BYvpTtev+aUsNSqdW0Op5XPHWn1iwAQNcjO4L0NjMgSIOWR48FOGdTbXsbn4aUUnfcH+a0cPTIr1GUrj2LnBtxjOPAKwwUEk8Ijx3rz78RsO976Ztmix7JIgCQ4v01LQbJJ7OnArX9GsSHUWuLh2ogE5xFwGecxGS44+I3nR6HR0gmXjRn8Vn9oVL6hI00HcFd4upDbRqVWdSu2HHJxeIuXlRUYyRTcWmDBg6wYyMb1isLt1+IDaGIosqNqudTfVaxzjSYZtqgRpEmchMaaL0/D4ZpdDmgiCYOk5DMbxmT4BeTdKaz8F12IY4AVrmsYIDWNcRMtAkgObI5ujRc+S55ab4+fPwLeHiseLZLn58/E0HQrbdOux2HaXE0IYC4y+oxvZD3c8s9dQt7smtLSw6jMd3/fzXhH4SVS7aDQDq2pPPsk5+Oa9zoC0gjcuqXKo5IJxnsgWPeQ8EaiSPP+yk1KssuA3GfKCmrMkrktMQp94oum45H9yATImJy+woOzsaalWqy3JltroIJDgciJIkRuKrMXtdxrdRSf/wCNrn1LXNBkuAY1zfWzAJBB4zuVL0kxjcHXqVsO95qMpvcJdLfZD3PYIDgXjQjduWltap8eonGOsrXL7G/FLl8FX7O2xRq16mGDXtqUwHFr2ltzDkHt4ieMEcEU7btw1Cq4C+uGWt07TqRqkeAa7yVTjtquw+IGIe1gBZdUkgu6otloY4aOmCQRw4yCUp7Ku3qKGOGrb7+hp3MahGmFJwGKbXosrM9Wo1r2yADDhIkbjmidWtKRhwIVgXPVBTzS5BDNEcAnsJwACgE7sOpAo8vik+l3+aWw9eOxC9GT+hqT1acMKNhKC9iEcFzSU60p0bMfTXsSPJLxHmoTbt2cDw7uahdIcY+lTIpkdZaTmQGzGUudkBp5rinncFbO+OJSZdj7zSDhx+IXi+J/EPFYLEFuKeK/Z/8AG0NYxsgQbw0uOYJ0Wm6BfiC7aNc0DhiyGl17X3tEbiCAZOea0skmrM6xuj0M/eYVL0n28MJTaRTdVe91rKbCA5x1MZHICSSrMkb8tcspPJZHpVjbTUruaJp0nNpXSTLouMD/AEiRwI78Zc8oQcimPDGUqI9T8TMIxoNZrmH2gO3b3GBeO7yWn2Bt3D42n1uGqB7QYORBaeDgcwvmzpPVJqNYZNrW665i7+dNxkLc9Dm1sNsnEYhrobUAaCw2vZa5wc+7gCToZ170LLJRTfqZeOLk0vQ9sI4pFi+cuheIxFTFPFKvWDb2Oc4VagHVscS64g55bjqSOK+gcVjhTo9drk3LWCY+q1LK49xRxKXY8x6fdIcPhcRUa6kaj6j2uD2lshrAAW55gXb8ptGWUrW7M2ga+Gtp03PMdgmQQCQWxkdBv5CZC8v6TbDqY2u6pQZ2r+25xMWwNTETvtEleo9D8U+lgadKz9UWMDXEEA5hzifdAYXZchvXHy1GS42u/wBzsi72x8PWv4OukVDFGlSLWS62HAFpDRkfWdAEnUn3RoJmNgan6VNj6JY2LYotJaA1zYe6pGfc0nf3Cw6T4ZlVoL3OBZEFriACN/Vzadd4Quh23RWb6M5kalp3OHAt3HKdSt93S/M1Lw8unv8Ap/00WFnq2l+RjMZkiMs4+eiP1Sp+k2LrUqVlCmHOe4UwTOQLANxB4mZEQU2yse68UyTDYBMlxdkSZ4RE+KusrXHscGib7F7hmQXcQAPOV41+K+yATRFJgvqVhSBPFwNna9nMRPNetUMZBdlqfrCxn4kYM1dn4otMGm1lUHf+nVY8/wC0FU4ck2NqouKPPejzThdtsp6htZtPL3XAMjLcA4eS96ZSXz/0NrsdtXDVLQL60lrRADjfaAO+zzX0QyN3395qmWbTojigmrAhk+aFW9VxB01zlc7WpvFEvovDakCL7nMI3hzRprqMxC5rYpr6Rc0zBLXa5OA7TYOmYHhCksnOpXRVZ5x0ye7D0X4mnVDXS1tr2XtdBPZBbBaTLpOfhmvN9hYl+Ix1OnWqFrMRUZTqEO0pufPVtcZLWyQAAeHBbb8UcO92Ea5riQKmbNYhr+2PBxnw0gzg+iWAOIxuHoB1l9VvbGdsdqQMvd4roSSWxzuTbUX2R7b0q2NiKmLwVWnlQoive0D2nU7W5D+kvA4ER7SyW2sJiq+MptLJD2vpsbMOuNN7LnD2WhrSZJ9kb8j6nj65sIAMy4TGQIMaxqQZ8CvO+km134PFUsSQagYQHyIIp5XBpES7huy01K4X4uayKKqju+li4Ns32x8KMNhsPh6jhcylTYT7JLGAOzPMFSaGKp1CQx7XEbgQT/1mM15Z+KPTSvRdQNF1N1OoHPaRa64Cy1x1iQ7T6qZ0GxFarj/Sq49Hp0aTwW1HAMcXa2Oyub2biTmLQqrJkdOuCbxwVr2PT7O/yTdXyWed+I2zQ8U/SMyCZ6urEAwc7c9N08dFp8Fi6dam2rSe17HCWvYQ5pGmRGq2psx00cAckndylW8E1uWvyT3YaIh28kKrXY0w5wB4FwB8iptcm10HMA67jGUrzbGV6dJzDa2+p7ThLhNN1VzntntZU57xyChl8To0qK4/DqSs9AY4ESCPgUl5pWw+0HuL6baVhzbdSgx3Wn5lMp/Vv2NfTr3PSqbLSSRA19YnvJlYjphiDa+q1zAGkXTuiHCTyFg8eK1+1sUGs/zECIJkbxlylY5jG42lXLh+l1Ts7Ya5znAgAkQYDY7xyXJlzbZkl2R048dQf3PDsZUfiKpqP0mBpDROQC2fQyjWwjvSGU8j1bZqG1ga9wF7hIMAT3TOehJsnZlOjU0BPszz3wtLTwz8U+nhqDmyZLzuaAMpjd/MLpWfaSilwYXhtIuUnyeh4yuGiY8spWH6f4xlBtC90vxINrILgAII5Z3DXgeC2VWr1NKoy/KlQdDnGIspxcfIkryfYdP07GjE1yX0cLRc+Jysp/pUGgj3iyo7xcq5oxnHWXYljk4u0ZDAdHq1So+rXp1GtiZIzk6EA6tmM9NddFq9pbUwtXZbtnYUOqVKb5DWAzVGcOFub4JmB7g3LWdK8VTGEqmA2ym0FjcpdLerbylwMcmleRdFKdQYljmEg32yJBGRzEKcJ7pyfoE1o0l6mz6H062Ha7C9Q9jS9jrnMe11SpDiWMnJzAGiYBzLeS9T2VjnWhljmNpsZILS0ve8SYB1DQTnvPxzdbEiri6VTtRSpOuBi0Oc53q/OTy0T1NsdVXqU6f/AJKrKYkESy2XOdHdUjwW9kvMjWrfk+expNqVX9VDQ4m06TnLiI7xkqDo3RrHF0zUY6wOqNEgiCWF0nLJvZIniQFqfTP0qT2nJzQfODPmuNoVbZI4SO+1XaUkvzOeLcJtr2o4xraVQPBpXBodI5zLZkjcFUYWmyniWGnTtbLBIabSahc2HbwQAFL2PjKRoguEE1KoLHEh9rHvEkHMBo48CFIx+MccOBRaGgsa6Wi+L94DYJ4zvjJQy6PiPf8A0WxZ5+rbVdrLLHYa9hbUaC0Ge45ERnrIEFAoYLqRkGQRAgEEAQAOHihYfbDm9h0v3mpDQwmALcsw7kli9p3HMiYyC2oK9jFndPXx/hVfSVjnYLGNYJLsLXG7fTdxUgYm0Tr3SVW7R2w6k0kUqr5gFtJocTrrJiFVQZiUkeL9D68Y3CEQT6VQiTAM1QInduX0pSr1N9MRGXbHrcDIzXzxsvoxjBiadRlJzQyqyo3rBaIbUBDSYgnw3bl7rTx75nMcTaPMmFSUXOmRg9LTJFSlXeCLAIkXB8OIOsdkyNDu03odamWUyI1g3SJJDSMwGjP6IY2idzh4AfRWOz39cIfBtJPM6RI4fRS6VPYqp3wV7Nm0nUGjEUqbwWkt6xjHCXEk5OHu/JR6WxcMx4q08HRD2wWuZSph7Y9UiG5acU/S+hSxH/wjW6qpb1lG0gOuZd/SezB0HAqP0bq213YQXubYHtqk3NADGsdBJlozDgJPrRkprLcqDhFlUo13tDHVGgEkggGQA5pBnKJFwI1z1CjbY6KUsVSsqXWF1xBkOLb5tzzAjLyVrU2xh6Z1Blx7TRMaGSfFc1NpMLja6QG3OjSIkefBal4eKjb9Cqztypep5D+KGHw1LF0zXYzqaZtZTBexppBrXOpt6sS0lziZHDmtC2syvTpvwjWupuolr6TP1RLT60nMxlnkSCQ7dF4+m2qzrAQKx/Uz1hwlotORFsBUm1Okb6VIVDa11OpTMhp7TJIdk0ZEAnllCfQl090/wF1o9Rwa/H/RjNt4ym5lgpspimHG1zAKjQx5JLNDq0jnmtf+CdSqzDYikILW1gQHuItc5nbDQB6pIHjOW9WO2+jFLG1MPXbTA60OZVe0wWtInLjJGR5jVT62FpUKTsPSbayIAbIIcZJN2pcTJJ1JK5o5NFz2LPDs+DU+lVPdZlrm7Lvyy8UqOJc6LmtAM5yT3W7ivOsPtvFUDZWqF4EkNJAqWje0jMxlqVf4vbGGfhCagbUviKb4deWwQ97cyBIBz4DJdHUi1ZDSSdFxtvaXUtDbby4kGNQ3u7isn03w0mm4AEMMuc0X5FpYS4Dg2o4iZzzhZ9228TSp1+td1lOwmm4j9Rjg4Q2QO0N/h5n6QYh1am4Mcbab3is0HMBhtJdHagEtOXvN3In4bHKG+3YFnnGahqZf80pv7VSrVuyHqUzkBDZMawBPOUlFw/RTGWi05bpc0GN2SS4+lD5/RfeXz+z6Dq7FY+OuLnCD2AS1mepMZnzR6+HaKYYwBrWiA1oAaBwAGUIlRxJPL5lcl3ZldsMcIf8AlEJTlLuzMbQoxq1pnfbr3yoWx6bKFR74MPAENgWxdpyzGXJXeLl5MDSdNO9Q30MpVvI0tkS867MJjHU6k6VGuba8PbLXAggtc06iFXt2ZhdKOGo0p6tp6um1vZvJcOyO/wAyolHaLadVzXHIxmSABnqSeU+MBWlIspBrm1Gk1HCYzhjsw3kJgHlK5PFZIwjR04YOVMxf4g1GNotpQJq1X1Dn/hiBlr7oHOVkOjdNtMMdIDi4u5gPttPLL5qX052qMVW62n6rb6YGhi2SSOZc3zVPhaN7uscSC8ARpAFrAO8loPcOa48UbhT4KTl57R73hcLh2072MpkuDS5w0cSBnlkMzpzUR/R/B9Y3E+jUjVNxNS3tSJYM92SzXRJ1drWUOsLqeYawgT2iT62up0WvplzW2O1Ond6x+q78WSM4+UhkhKD8x26u1sMsABECABB3eGuSFtOj1fZJJJI7hJDYQ6bHF4JzhzPMuyHzRtsi9xz9pmfIPB/haT7r2FJcJkbDYOjTDaTgHACoSXCS41C5xDoGYh8En4klRNl4d9J1UhpbRu/SaSTYxrW5AAm1k3WtGg8hOOMaCQGiIAnfImY8NCs5itt1qQFGlMDR5N74DiBJdqSAFzPE23XYcJxijUU9lNe0BpDDJe4NAlxdmSdCTnM81OwWAoUTLnAvOswY8M/ivOqONqueAXvdJnLMaZyDp5rX7NwVTqwSMznmQO7U8F144UTlO+xoxVo8WeQXU0iPYj/Sqhmzap9n4t+q6OyKvLzVKXuZt+xaMoUTo2me4NRvR2e63yCpqWyaoMgtHcTPyUxuEre//uP0RX3Hf2KbaeyaTXvAEF+bH3FoYd7SNIn5o/RzDupud1pMkQJBAEOBGZzz46d6nYrZlR7c3AkZjM6+SrmuqXXmJgiBOcnOZUcnBuKv0Krp70cFVzcQxxFQVA0Fr3MLRUApntNIIAkeBPjlPw+2qKeIq4auXGo+mRRrNvs6oRawsAgG1rBcQCIIJXq7sMKtCKzc3TM9k5TbpmFR1ejradVtTD/pkCYIBbdmIjiWk5qNShLZITimZ57BNR7vVYQZ3Wx2j8CrSuwUdn1XsJ7YMSZgRuTdMcC4YWrVpTeTa4awCxkkeX3Cn7LAds9rX0w57KILqbxlNvtN3hVzSlKOt9zWBRhPauwHD4ShUoUy4OkNaAAQIlocYy3knis1+JeEpswT+qukmiLi4eqazbhAG+0eS3eIwLWMb1YGrB2chaYbIAyAAz7gq7b3Rnr6bqZdkbDpmS1xc5k+zJtg5xnqtPJLWhKMdrKDoBtsuwzsOTNSk2WbyQB2RHEG0dxCtOkeKfToDElkOIY4tGcOIFwjfGfko3Rroa3B131n1y4OJsAaG5WZh+pcRE7tPKf0qLzRLQ6lvgVQW+BiZXDLG1Hl3/J2LKm+ODyna+2XV8QHWm4SQAcy+DGnfC3uH6J0w0MFSq50QB2Gy8iBnbkJzPivMsdRqMua4N6174BpuLuyTOWhbMaxKsqXSnEU8BWpve5z2taaVRx7UOc1jhJzJDXEhdOLDwjln4jlmh6T7Ipuo4THYepdRp1abMSKZIaQ2oGPq8oIdrug9+yr9HcOykesF77q9pPZeQ+q4kSyJ1AnWBzM+ffhDtFlKjiW4lzRQqRYx4ye4NLavKCLBnrbyVzjum1G4OYX3Ne4gtaCwNcIIMnPy3JZbSeKPp8/Mrh8zWWXF/PyMZtHpl1VQ020nFrQ20yBLS0FpjuISVnUwVxuGEpVgcxVdWeHPG4kBkDKBHJOpxxzpXD9TUtbfn/Q9wdXzIynfIPnqoz8d/SCOf0Q2ukk8h8P+lHOq6tjmHq1nvyMBvujLnP2EGpkCN8JVXwfP+B/CpMVttlOp2zDYiczB3DLuU5SpGoqyTs3ZdGtVeKrA4NdzEiBAJHCCfJWlbYeHLYayAJgAuEEbwZ5qg6NbbbVxVagxpFrGPuJzcXaiN0AgLS9da4ZHynT+0rKjDLFbKzTlKDpcGfr/h/giTNMySSRc7U5zM80v/4vBMc15pXFhNpcXOAMOJNpME67lrq5B7Q7lS7fxdmGrVBqylWd/qDDC2oRj2RNyb7mV2SXDEEEWw4lsCOwRcwgHTIjLdothSxINGSO3Bz4TkPgsVsGuwU8JVqOta6gyXG5250HIE71rKNenUpdZQe17SS24cRqCDmD38VPwuPRSX3LeInvq/sGwNaGvBHblhGsdk6fFA2m+1hccp3Cc4afoo7K9jiXTF2gGebR8P7KDtzaIEkgnOLdPYPH/Mui1T4IP0K/H7SLSbTHZu5lxaCInKM9FWElzrswTmSCCO6Dok79QhwyytAcRnE8s9yVDDEEwATOdvGeP3qmmTaJuyJdUhst3czv+q1MoHR3ZdIC6o9rTGQaRlOsncchzWjpbKpESCSOMg/IKkWkLVsrsPjnMENa0c4z8SndtWrxHkPorYbLpcD5ldtwFMaN+LvqnaHrIpmY2s45OJ7v7BT6NevvZPeIU0YVvP8Ae/6p/Rhxf+9/1SbQ1FgWVax/9YHef7qJj5pvuHtZwNxGsfe9WYoDi797vqou1MKHUyc5bmJJPePJSmrXBuPD5B4bFGpGXHMxrBFsfHwQdqVurpGo3tWyYnh7M8NVGwlYZGMt4+9d+q66QG9opNMX06mY0BABGXjy071C7iyqXJOwtRtagHgdl4Y4TwLWOH8JNwTWOFRvCPA8+EqH0TpilhKVN72uAa03AgjtkkQcpbBAHcgdI9supzSo23ANJLu1EiWwJ+Ksqasm+HRbtpgC3d7PLl3Llr/ZOo+5HELG7J6ZBrzTxYDCYio0GyZ9pudvfpxha1jxUa1wggiQ4EERuIO9YfAIfEOEfHy3rMba2uYFNjrS05kgGRGg+fgr/HVmsHanvAJWW2rSxXWuYxj2kAGW9a7I/wCWW+Gqw7Azm26VN7DYKleoS0F5p5MYHSRTa0SJjM+HFUeNwYfRqB7XaaGQSGlpIzzjswtHiKGIc3tvrOPuijUdHeXWqhrYTEG6adVzT2SW06ji6RkybYYI3CTzWo7GXVmSxu0JhjcmjLLIQNABuHJHwDxpCtsP0OrgNNSk+55AYy11zzBMgRMdk5omH2LWDwOraBmImHNIMGblCUtuyO2MafLD4avUa0NY6GiYHeZPxKSsW7Hqx6oHIuH8J1lZMhvSB6XQ7JI8NSU9YAmeUb+KSS6/U4Cv2hihTImRAHPisfjy2q4hw7JddHJou07mlJJa1WrY0+UjnoU8jHsqGA6qyuHNA1zY+Z5EEeIXowN+cRw0TpIaSdIVt8sMKxBtg7s8o075VF01NmCrf1Cm399VjT8CmSSfZifY806a42pTZgm03uY11FwIY5zQS2NQDnp8VYfhhtc3voOJh9MVRyc1wa7xIeP2p0lVf4yCfnNfi6jm3ubA7QcSdzQ0hxA3nIKhxuNLmtiAJdE55WiCeeaSSknx89zomufnsQm48E8YE793DPLPcrjDbTqWwx0AgZwAQTwdEhJJUSslZcbMp2028xP0+EK4wm0DTENa3nN2fxSSV64MWdYjab3GQS3kDkhem1Pfd5lOklSHbOm4+p77vNGZjnn1nujlEpJIpDtkptSm4Z1avcT9EMmkMyXnvj6pJLFGkytdWa0uiYB7I4tPy3JPqPqdXUgltIuJcLc2kAOa9hInLeP+0kuXtJov6I42fWqCgxjMw1jO0REgEgZTIyCzfSDExiwSSbwGGc/VALD5yP8AVyTpJY+wZCv2lhg4Sd2S3vRMxg8ODvZHiC7+AfJJJbZhErasFsQpb6WdR3vCn8A76pJJQ7sbBUK5IcJ9Ug990j+E7W/pu7wRymR/CZJbQis2hjuqY6oSeyHP36NbcfkF51sLbLakX+uczI9o6xASSXPlVovhdGlGId7v+5JJJQo6L+x//9k='),
(4, 'offer4.jpg', 'data:image/jpeg;base64,/9j/4AAQSkZJRgABAQAAAQABAAD/2wCEAAkGBxASEBUQEBAVFRUVEBAQFRUPDw8PFRUQFRUWFhUVFRUYHSggGBolGxUVITEhJSkrLi4uFx8zODMtNygtLisBCgoKDg0OFxAQFS0fHR0tLS0tLS0tLS0tLS0tLS0tLS0tLS0tLSstLS0tLS0tLS0tLS0rLS0tLS0rKy0tKy0rLf/AABEIALcBEwMBIgACEQEDEQH/xAAbAAADAQEBAQEAAAAAAAAAAAAAAQIDBAUGB//EADMQAAICAAQEBAUEAgIDAAAAAAABAhEDITFBBBJRYXGBkaEFIrHB8BMy0eFC8QZicoLC/8QAGAEBAQEBAQAAAAAAAAAAAAAAAAECAwT/xAAgEQEBAQEAAgICAwAAAAAAAAAAARECAyESMSKBYWLw/9oADAMBAAIRAxEAPwD9gswliblYk8jnTIOqUU6rpdkNj21yJbsC4vIpIwaB4g0b5hzGSxC+ZFFZdBNLoITYF7Zd7MU/bKiuYaavQDJSQ6KeGthLICoxCyUwsBsU5qtCZMmgL5kbczeiyowSLsBxfkUpGVk40v8AFbkDUrdg6u/uJrlj3Jza/PRhVpDRySbW26vPelnfr2NMOb6ElMdAqBDKhUBVAAhgADAQwEAAApLImGFZoo2XJ0qAWJVeC0I5csu4IChIUkXREhgycXt6MlYta5eJt4ilgKs3S7mcU44pqpWcDxcGLpzz8Uvqb4eLB6S+4lMdNCoXN6dhqSNIqgaBLoFgRLDIo3cgpAc7RSRpKAqAmhpFKI6AiRDdRvf+x4jzow4rESSj5vy1+5NGfzN283l2y7WbW6V/jMkrV3aXjtpRniY9Ok3v366+2hPpXXQIww8W9n5m8SotDQkNAMQwAQAAAAAAAIANU0iJPMkChgSDYD5iSSgKivQ+e+PfFJqX6ccnoe+/2vyPmcbh+abk9U3/AB9jl5dzI348328+Ec7eb6vM6oYr6+9FzwRcPwzlNRW79Fu/Q804svp3vevf+Exk8Pmm828v/FZfydnNWtZijSSS0SSXgjw/inFyeL8t1D5U113/AI8j2Zkeb7r3li56V4l8xzcFj8+GpPJ6PxWTNeYuo0iyotGamwu/Eo15hsh3o/xFoAQpypWVEytOVbZgZRW5yOVNtryeWX4zp4iedd350Z209F1qnuss/JmarRJLJba3r+aClhII4tbLPp1+67jjiJ7+hfSHGJdCRVAAwoAABgAhFCAQihAIBgAgJwpGqRRCE0WEss9gIrL7swlxWHdc3pR4vxn4pJ/LDI8WXEO6btnPrySOnPGvuoST0Zw4+DUubbft3Pn+D47Ew+66Nv2ex9Dh43PBYkM3WjyutV4idTpLLGWJhReaDhsLkz3eXgv7DB4iE84qmnTjpmtmjR5lmfaVUsZpZHBCGz369T0Y4OQv0EvmloszaRrw8eWEV5+uZXMebhcdzTdutKTrPw9su50R4mPNyXnV6Zepy+crV4sdqZMpNZolSFN5PwN6y6sOaau34MuDOLh5nZaLKh4k8jPBW41Ft9AxMVaLRdN2Bz465nV7rrTe+fmP9NabrTbsTcbumna1vVrY1wmure2/8Ei1li4N1+Zl4eCkalRLiaSiOiqCgJoYwAQDABCGAEgMKAQAMDlhk6NyJxHFiCyMeXyyzstsxS265AfM8Tgtt5ZtnHLg+U+klgpS03YsXg4vXJfmhzvGunyeR8M4B4ks8or9z+y7n0qgkkkqSVKtkYYFRSjFUl+W+5yfEfiFfJHV6tbL+TfPORm3a5vi/ByzxsD961W06+/c5vhH/IoYnySXLPTll17Pf6np/CZ2nB7K14fn1PA/5T8Ak3+vgxt/5xWr/wCyXU4+Sdc/lz+46cZfx6fVx4jLJexGJK9T4r4R8exILlnc13fzLz38z6bg/iEMVXF+KeTXii8+WdJ147yjj4qKtLyrSt+voZ8FiOLbp5556r+Ttkk9SZ4aZi+P3sbnfrK6cPFTVpmsXd+B5uHB3k6zTfR9bR6vDRpWdeNv25dST6Z4cWdeHLYlJFYazv0NyMKxbbrYicdOXz0rwNPIhNPNS3eq1fTMoz/S6aPtos7z898tTKUJPK8tPzsd6Uaa9kROOf5qLF1lhYdG8UKJaQQAMAEAxAIBgAhDABAAAIAGBjKRjht2a0KUTQqxRmlqlruJIlmRONON59fd6GeJE15E7T3Ry48Z+Xbr3EqssbFrJepx4vDbnbjRyTNMLB5l23ZoY/CMOrk+lev+j0ayMsOUaqFUujTzKcjGj5z438FSk8bCSz/cujf+S+/qcMOFapp08tNb7H2TVqn4HkT4PlnXp4HLrxzdjc7rPBxcRJcytejN446fX0OzAwYvNvTKti4YMbdI38Gfkwwlex2ReyFOKjG0rf07snhE28/E1IjoUEtWUm+m+2xnONytP2NIxazrbSzSDEeW2X7rV/LuZu1n2Wf54nRg4ebdVdWrtZZZGPEYd5dH2z62vQlE4OI2bIyhA2SJFNGiISKRpDAAAAAAEAxAAhgAhDACRgAGTQ1EqhlGc1kYxkbyOaSzJRqsnZKn8zyyf4yo6ELJ5/6ZlRJxX+P1r0MsSTeuXgXiSo55TFHkz5uHxOaNcjUVK026iqXLnSyu+ptwXxCeLiukv0laTaak5Lz69iOP4OWNJJyagqbjtKr/AKIwrwX1juundHivy46/rv8Av09Hrqfy9xSMuIVtPxFCdq077rM1SPXPccCwY2dCqKIgqzNMGNvM3GWUcNt37l4klFcsdXq9DWUlokZKNZv3X28wIw89NcnnddMhy4pJa1s9b3WSWjtb5amnJWUUtVfh2FxXDWnrpe9prLIZVPD4m6zb/jLVbvU1cjl4fCo6lEgSNESkUiopDBAUMAAAEMAEAAQIAAoQAACAAAkTFY2USHJYWDtAZYia/Ning8y/MynEzjcavTmRKMZS2l5PqZziehPCjJnLjcJNJ8ry75mbLFc1GeLCwm8Zf4xfqPBw8WX7mkv+qr3MXL6xpnwXDODfzN81VHKo1enjfsd0Milw6jmQoNvQvPOeolutsNWbqlluzOKrxLjF3+dDoyIoiWI9lftu7zfgzXFnS9N++5GJhZvvn/7aeT3IHGUdeXW2tPm3y9jZu/zc8+WHJ5Jurzz1OrDgxq4qKNEiVE0SCFQUUIoBgAAAAAAAAIAAgQAACAAAQAAGKlQNma1Lo0Gr7lbkqWRpKfVZ9OgBGOWeRlj4fTqn5G052qb9CZarxogzjPleZ0KUa9zlxMO89ww3WTA6XhpoynUdPQtNoyhgu7f9gZO263ZrN1ktlmNzSdRVvq9jJO9dOvXTMn0NcGO/jr9QniVlrpfLqk7z9maJKPm6yXUxnB5q29Xnbq+m1VZRceXN8z6O269zTXfrpehwYmLLRVXfy20o6MHFe6+viTVxpBGyM4mqCHQUAAAABQAAEAAAACACgAAAQAIgAAQAAABzxRQkW0aEcl7l702KLCUmBUkvToEdBYcsmabe4EGMom0pJanM8RuWhKOnCmTOUn/WRD1NLXUDLDS07/z/AAaNx3dPa99yoxp+2xgm21/85ZePlRB0Qg3rTzTWT9sx4sfp6HNLGSdfTRP77ZdjWM1X9flF0xHIjWESUawJFUolCQyoAEADAQwAAEAxABAAAgAAEAxAIAABAACACIxKYOSA0JSK5CkitAI5SJ4laE4uI3khuEUQRTZUI14lLsVGN+IEqF69DfDwl/XfqCjS80ZP5nnpW2WXi9HafjkQaqDbtqqvRprOjHEtZLe99NNC/wBfpLt19L1FKtvvp5jRzfom0IDSLRJFJRLigGVDAQFDAQwABAQMBAAwYgABAAAAhAOxAIB2JisAAZIASXEANBylRlJtgBkOKKeHYAUa8qX0KqlkrfjQgAHFcr3TfhujLGeVLfVgAoxhA2SADMU0ikAFQx2IAAAABgIAHYgAAAAABAABYhgAmxWAAKxAAAIAALAACv/Z');
INSERT INTO `photo` (`photo_id`, `path`, `file`) VALUES
(5, 'offer5.jpg', 'data:image/jpeg;base64,/9j/4AAQSkZJRgABAQAAAQABAAD/2wCEAAkGBxMSEhUSEhIWFhUVFhUWFRcVFRUVFhUYGRgXGB4dGBUYHSggGBolHRUXITEhJSkrLi4uFx8zODMtNygtLisBCgoKDg0OGxAQGy0mICUtLS0tMC0tLS0tLy0tLS0tLS0tLS0tLS0tLS0tLS0tLS0tLS0tLS0tLS0tLS0tLS0tLf/AABEIAKgBLAMBIgACEQEDEQH/xAAcAAAABwEBAAAAAAAAAAAAAAAAAgMEBQYHAQj/xABBEAACAQIDBgQEAwUGBQUAAAABAgMAEQQSIQUGMUFRYRMicYEHMpGhQlLBFCNicrGCkqLR4fAzQ1Oy8RUWJNLi/8QAGgEAAgMBAQAAAAAAAAAAAAAAAQMAAgQFBv/EACkRAAICAgICAQQABwAAAAAAAAABAhEDIRIxBEEiE1FhgRQyQnGx4fD/2gAMAwEAAhEDEQA/ANPYUMtVjHb94KJsplLEGx8NSwHvwrsO/eAc28ex/iRwPra1MtFKZZL0ZWpnhNoRyrmikV1P4kYMPqKXDUQDnPXPEpHNXb0KDYcy0Rpq5lopSiA4ZqTMtKeFXVgFQgj4ldEtORAK7+zipaJQ2E1KLIaWEApRYhUtEpjfMa4XNO8gorRihYaGviUPFpVoaJ4FHQAniUbPQ8KuiOoQ5XctGy0KhDmSjCOhXRQIdEVAx13NXC1QITLQIo96FQgi1JkGnWWuWqAGhU1GbY2LDPkaZA3hsGW/bkeovalt59uDBRLIYZJS7rGiRLclmBIv0GlU3aG3MVKyeLKkUUgNkwpzyhgbFZJHW6EcCAoI6ihKVIvjhckQnxEclyzkAEeW/Oq1u5smLEMM7SqrsUjMahszKLljm/ABbhr9Ktm2N2RKq5EAOYZmcl3IsfmkYlm1qwbKwCYcAXAyRG2nAMdT6krWSWSlo3wxXLZku09nGGaSFjdo2seVxxDDsQRTBkAPGtG21shcXC0w0mBJQ9R+U9QQKzqWMjQ8aZjnyQnNi4SoIRzpOlQLUjlpogXGIIHzH6kW+9IvKT3Pfj/rSQYDtQz0QWSOzNoTQtnhdkYc0JH1HAjsb1tW4O9EmMQrMlpEtdgLK4625H7enCsl3XlXxBci35WFyf5ba1s2wSkagooUkDMKVLLxY2OLmiyCugVyFwwBFK09O9mdqnTCUKPXbUQBL10NRstdyVCHA1GzUMldC0AgBo166KBoEOZqBagKMFqEE81cL0sYqTMVQgTNXQaUWClFio2ShEV21L5KRMyZsuZc3S4v9KAQhrhNLGOiGI1ACd6FG8I0PDNEgAKMBXMhrqqaBA1qAWjBa7agEiN58IXw7FQS0TRzKBxYxOsmUd2Clf7VQm2tj4eRocclmJWysLWZWFwxP4rC9umarlVD3gnghkMMTAXY3izaByMzZF/DxBIGl+XGqZHURuFXJCcz24cKr+9e2GWLIh1LLf8AlP8Av71KicZbX0qKmgVi2YXBFqwtnSXY62bIpjAW/C1UDeTBGOUi3HhWkbMhsLCk9v7FEqXVRn4XPIdqtjlxdlMq5KjI2XnSQXqKsc2wXU5SD/WovFYFlYgqdK1KaZilBogL0eO19ftxp/sfZXjsFXQkhRfgSeo5VZ9pbkxIAI5JTJYm7ooia3EKb5gfrUllhF02SGGclaGW7WGV2C6N3tlI+xFatsqMqAp+/Ks73b2dLGwzGwBGh4/X2rRUQSKVz5bjiLXFZc0rlo2YMbUeixbGxKyZ1TMQmXzWspJvop52t9xUosdVXdTCyYK6yzeIjsctwAV6XIFy2utXRLEXGoNbMUrjRhzQalf3EBFRhHTi1C1MFUIhK7alctALQIJ5aHh1G7V3kw+HuHkFxxA1I9elONkbbhxKB4nuPuPWq81dFuDq6HXhVzwqc0LVaytDcR0oBR7V21SwhQKGWjAVwOKBDoFC1cMq3AJsToO9V34ibd/Y8DLKPnYeGmoFma4B9uNQhTN/t/2uYcGzDKxV3H4raWU8ePOs9k2lOn73LLmJJY+YEnkc3SrP8LtgrMpxUwzDMVjU8NOJNahPgY3XKyKR0sKRKb6NcMaoxvYXxAx0RusokUcY5GL6ep8y+1bFudvbDtBCVGSVbeJExBI7qfxKev1tVJ3s+HsDqXgXw5BcqV01rNNi7bmwmJBByTRm3Y9QRzUjlVoTspkx0epMtDJUfu7tdcXh0nTTMPMPysOI9jUlTbM9BMlDJR6FQgTLXMtHrlQgTLVc3h3MwuKZpjGFxOQiOUFgVa3lYgGxtYcr20qymikUeyJtdGE4maWB2hktnQ2ax0vztfiL8PaipjzwIOvGn/xCKpjZrG5JBPUEqDaq1hpSeOp9axyirN0ZurL3siS6j7VPYchhYj1qqbFluoqwYOTzCljGw2K2SM2brSL7vxNqyAnrVwwGzbgGTQdOfv0qA2x8RsFhJWgCs+TRjGFKhuYuTqRzrRj8WUxGTyYxMZ3QXw/PYZhYqavmNh/aBFPC9sjLcEE5gCLxk2OQae/0qk7AgYjUaelTq4V1LFGK5hZhyI7j9azZacrNGF1CiXw2RySBxpfN4eoqI2PJlFieFSXjhqRRpjImNizS41hGspiUXLMqhmIykaZtBqRqQavezcGIY1iDMwUfM5uzHiSToLknkAKqG6LNHIAkYIk+ZrkFQBfhwI04d6u2auj46XGzmeVJ8q9B6FJ5q7mp5lD3qi/ELfAYdfAiY+IwJOU2IHY8r9e1Te9O3Fw0TMTrbQD9axPA4g4nG+LKfLmu3p0/Sk5J+kPxQvbLDutuQcUf2jEM6K+uQMbtfmb8Kvmz90oIFYQF4yw4hifsaPBtBFQEew0Gn6Ckdn7xl5jE0YUcmD5h76C1JtezU4P0G3b2pPFiWwOKbMcueF+Uic/cc6uN6pKbWvi40xKxRskh8DzHxGzArcdjfh2FXHNWjE7RkzRqQreheks1DNTKEihakWkrrHQ1CtiFaRlVyWW90uBYA2v1IuRzFBtLsKTfQ7mxF54VHD96x9lAH/caovxi2c2JiztiViw+GI8QBGds75QCQCNAGXqfNwq5YRf3mdhby5R7nrfUa9Kre1sSzriFCNY4mEWBYki4UkWPlFl7c+9H8hIjYWKiweAiQTkBywRljOZybnyqwNvepPYs+KM80TSF0jHldlCljYNbKNOdvalMbtSEeTw1d/KUVgNCRx7czemcu+JiYA4SQ5lU5lsyEsLkKRqbcLm1Y50dCCaRHQb6yrMyYg+GoJHmQlfdxwqgfFDB5MWJlFlmUMLcLjofoa13B47DTFDNhihcXUyKFa/NTY69aq/xewUb4dSgF1by27g0McqkTNBuLEPg5vssTHC4hrCQgo5+Utw16X09xW3B68ebPYhrWvbpx9q9CfDPeFpovBkbMVF42PFlFgQ38Sn7H1rSnToxSja5F/zUC9N81DNTKFWL565npG9Ellygk8qNEsc5q4WqvNtBjbzcTypLEbRZRfMalEsp/wARtxcVNiGxOEyurgF4ywVgwFrgtoQQOo51neEMizLFKhRswX/ZGhrTt494GSM+ZtdLXNVvd3dT9qlDysyMAZPQAi1+97Xqksd9DYZK7J7B4PIAvEn6k1dNhbJEXncXk+ydh370y3W2Uy5pZh5szBAeQBIv7/0pl8QN6DhI/DjP76QHL/AvNj36f6UfH8fe+w589Kl0MPiTvuYg2EwrfvDpLID8g/Kp/MevL1rIxGaUcPq1iQSbsb6sdTrzPOkDORpqfQaCurGKgqOVKTk7NOk3cbDqfxL+YaW/mHL14V2OGymtAjUMt8pF+IYEH3Bqsbe2d4eq/K3+E9PSvN5cVbR6HFkvTKPjvKTlOpo2zcPiZLeFA791BK+7cB9ate6ewVlYzzKCgPkUjR2HMjmo+59Nb4HpuLx+Sti8vlcHUSqbq7LxqOrTKsaDUguGc25WW419aul6Qz0M9aoYlBUjHkyubti965mpHPSc84UFmNgOJPKrUUsyP4m7RlfEPHayoQB0Ol7+uvHlVV2A2eaOMHy5gWPU9u1PPiFvRHNOVjW4BsWPPvbpTjY2xZCUddQbkFbECx0uByP61jk6tv2b8aukvRouIwGGnQRyOwGmiMVv6ka2pxg9l4bCIf2eO7NqbEZjbuedV7A+bnrwOtSOJw0yRE4Zl8XgC/ADt3pSk+jTxXY5weJkllBxeDURxm8bMVd0NxY6cOunDSrlDMGFwbisi2Xgsd46F5FHmGc2kJdTxBJOUA+nStS2ZYRgLwGn0JrThu6M3mRSSf8A3+WPs1DNRM1ItiOgv3vpentpdmKMXLocFqa7PwxGJd7+UoPS/lvpTHE7WK3Bjb1yNb+8NKRwe8MB1JKsLBsrAHiOKnn3rNlnGVGiGGaT0Sm8WKCZBdRdrm7KvygHmaqGyUeaVhK9gwzrkcMCUJzcCbABhp3o2PSaR4GkS6iZw4QtJlSVvK1x+AJl1/hp3gcGkDq4DeRZCL/Kc9gb9eFW+rSAsTboEu7UMpLhwzELbz6G3mANrG1+t/Q1D4whJXVxMGU2BQ54zcDWxN+N+FTeDxEcQCDXLYAE6ixFh1vpaix4aDEkSBCWuRexIBU8+lJjlU0alilCW+iAx8M0p8zBYsieQDMwkFySrnUC1veoDe2YR4fK+Zmys4ABPy24nkLsNanptvJCr+OCrI0hZTqQqMV5d1NY/vRvE+LmZ9VS2RVB/Be/mtxuQD7DpRWNynZWeXjCiJw8uVge/Gtc+HGOzYgBfmcpJpqA1yJDpwBT73rIEXSrn8NcU0U/jBiMgsRzIY2uL6G19Qbca0Nbsyxemj0hXaYYDF5wNQ1+YBB91PClsRjkT5m1/wB/Smmcck2qNxmKubAmwGoI497022njC62RwFI1tqTfoTpb2NVfa+CklXxIcQ8cqcwSY37PHe1+4sf6UQktipMhH816jF2kTIYpBxF1I/pUJsvbrzeSUZZYyyuOQK/pwpus7eKGJvrp6USD3bmGLsqAkXHEcQb6EemlI4HbL4EM0oLsyMgIIUsxtY66C1uVS+1NYjINCovf01rPN79uHEtmjB8NbhNNSAfmPrb6Wq8I2yrZp27XxJw0mGYzHJNCl2QnWWwABjPMk2uOIPbWsv2ttGTEzPPKbs5vbkByUdgNKi8Bhsi3PzNx7DkKWxEwRSx4D7mt0IKK5MyZJuTpC+1MeZCqKuRQDkQG4QHib8yaQjQAWpnBJpmPzNr6dqP4hqKSI4s9OIwPKuYjBpIpV1uDx1I+4puslLxzXrjnVDxYNFUKugUAAdAK6YO4pntDHiJSSeV6hMFvL4h4jvY0fqVoH0r2WS1C1NW2gnh+ITYC1zxtfTW3ejrilIBBBB1BHAimp2IcadC0jZQSeVUfefabTXiRwqjWRuUa/qx5CrdiZgyMvUEe/KsnxshAaJiVAZ3ck/N5jlUfqe1Z87ekaMCXZTdqbK82ZATe5F+NuppnhNoTQnw452UH5lVjYE/09qe7U2jI5srBVHDoaYxbHxLhgsLkaEkIRe/c8fapCEq2GU0ncS3YaWeCJJFuykDuR61JYTfcLbMp796c7EUjCrFOAGAt5SDcDn6/5U2OyoFN8mY8fMbj6DT61VYW+0MedRWmWDDb8YdgLRMWuANOZ4C/tVs2RMEQ5zxObrYsLkX4aGk9m5TstDGiqUOoUBdVcqTpzym96ic5Ot7+/H/d6Em8T0WjH663oksZta97EW7HjUfFiFLfvZiv5UXh9+NQW0pWX5rKPw8L61C/+oKjiRszMOFhce9zSXOUnbNMYRgqRfcTOAbriBbkGB/7gf0qu7XxblsrxeOt7K8YzGO4AYHTMlw1r8NRrSOYTrmXBO7HjlGRj30INu5qa2RhThYHlEDI/hsSokVlJZgQGLE20tfhfQepS5FJy4rQs2HUwB1ujEIpBPy2UnKpP5RKq+qe9Sm1po2gl/ZrBkjYAgZSoCsL8NWN/vXNi4INNKrgGKRTIB5fK2Ylg17i+Vktp/yzrUN8Q4HWFo8Ir6gNJk8+l/Kvl9LkAW+WsqhLlyrQeSk0vaE42QLHIodnZPDuqKQJLCzvJe63I/IRc+gqt7M3l/YldWmVvOxZY1kZgSbnRwg+/OqvsLbEyHMjHPGxVlIvqP4Tw0B+hq9bS2dDM4l8JVWdVkIcaX0JBFtSGuNL8DTp3DTGpprlF9krDiMDtKC063Ddf3cnHqjHQ5b2uajsTuDssOo8BgjaKRNLcNYtbVuBAPuOd9KXi5VixDqkp/dERgDkUABueRzZqeYzeh/3IvwmiYnicoYXF+4v9a1Y29GLLFOyyy/DnZhYACVb8hIbN7kH9KnNi7p4HC5vDiNyCCXdn0OnAm32phiJ1cMh0ve3r1BouA2szKA586kqfUf5itPFGK2S2LxMuGOeOzxfiUqA6jqrLxHYi/enq7XDrmHMX4/rUWuNv3GUkdxz/qKj/FVA2vkNyNeHIj2NqIB/jZiwJQ6rfQgA9weoPWq1PtoWkdDZ1NnU8tdD3DDn61HSbSbLLlY54WzA9UBtr1Fjb2FVza20jnZ1Ns0bI/QjLmW/fh9KJKLHDKrTyzJwdE/vHjfvZVrqP5r1E7sC8Wb8xv8AQAD7Cn8j5QzdFJ+gqIjGm/G85WEYaM6sLue3Ie/P2qMgwaLDGSNcingNSQDqfrVcw6HEYlVc/PIAx6LfX6C9WbG4gO5y6KCQo5BeVbfGp2Zc9qhMmoDaOKzvlHyqfqetSuJDv+7iUs7dPwjqTyqPhwOU2PEaGrZrk+KK4korkwIaXzUYw6U3c61VpxLppnpdzTTFYggfiNuSXuTXJpxbQ3plFiWL+Rgp4XIvb251ymzqJDrBPJJo8IPRmuDbuOdKy7n4dxcKI5OUkQCMD3A0YdmvS8Mb/jlLdlAUfan8LgcKC/JG36K3Fs+eIPFMLqwK+KgupB0BI/CeGh+pqlPt2SKyhmGU+YD+YC2unE/QH1rYswYEEXB0NY5vzu9Ph5Zpks8DEFWBGZWZy2V15cbA8CSOZtTIa0KyfLY5G88+jCRDbRgq6ceJuL3t6UzxO0Ek1kjRzrqVB+xFVDOTZgePt7GumVudXF0W+DGRp5YwijXRFVf6Cuy7TFgxPMcT1/8ANVLOw119RSOLxpKlc2voDUslFpO1Ab/zBT2JF9fYj60nBjs5OmoLKdelx152uPWqecTe5cls3zA3yk8jYEWsPWlY9rFfkABIAzEC5A6kAXOvE3qWSjcNzJs+BmivreQKO7IpH+Ksum3vmZhlEaBjYZjbjzNNd3N6JIXyGUgSMgueCkm1zbgBfl0qD2/GTiZggJtI1rCwAvcdhoarPGp0xkMrhpF/bcqVhnmxeZjraNSRr0djr9Kj8RsqOEjNO4YDMAyB7a/NpbmPtVz+Hey8ScHGcS18wzIBqwiPy3NrLwuOJtU9iN2IHmWaVQxRcqqfk43u1/m9OFZ8iS0aMU29soWyNi4vGWaOd8n/AFZEKr6L5iW9tO4q/wCzNitFHkkxMkjdczRqPQBiR7k0+nxoGlwO3KonFYnP5S7qp/6YsT/a4ilWkO3LshdrHFLdMOECrkLu73ZgDzIFzfX70jsrfCGZsjkI4JUm+unRraj1FVXFIPHdYpmykvmRtT5Vbib3vSW08BAkKNGTIXBDJYM91B83A2AN727daCiMlLWvRq0WAjkXziOYG186ISfU21/1o2IwuHw0ItHaNJBJbMxCE2GgYmykhSVFhpe3Wjbl7b8FRG/zcRm45TqLdeNvar9hdoRzKQQCCCCDqCDxBHSrJCm976Mt258PZ2lmkhdJBJK8yjPkkAc31zWB9Qdap3/ps8WKWKdGQqwYh1Kmym+nUE2Fx1rY9s7RbZ4DMhkwxNlbMoMfEhWzkX4GzDpr3ksDtWDHRZWj8rDg4sR3A4g9xTYz+6FTxruLKKu0yynMo0BNxp/4pjPtlVYt1Kk66EjnQ352BjMHnmjPi4bXzLbNGp5SLbh/ENOtqmdm/DyCdElGJmIkVWBtHwIv+WtPJGRxor//ALkFwASLFiDYaf6a/amc+25CZFU3zsvlCgm/UD0HLjpWlYX4f4GK2aMyHheR2N/VRZftVi2ds3Dwj93FGn8iKv8AQUOQKMd2du7jJnLiEorBhmlBQWbT5bZj9KeY/wCHyiOR5MT5ljNrJlUWuTm1JOlxyrWp8SnC9U7fnF5cNJb8dox/aOv2Bqjk7GqMaKVsVbRKvbtSW2XtE/cW9iQKc4JDkUj0tUfvHiFAMeufKDzta/Xr2rRBXJGabpMquzlsWk/sj9ftp70/SemKtZUHYn6mi4h9AOp+1aoy4xESjykSmG2qFS2oLG5017Co/G4jM2YUiVNFy0ZzbVEhFRdoWjxbDjRJJ7m9qLaiG1LcmXUUegZMJInBrjlTYk87+9v041HiGZTdMWh/hb/Wk5toSp/xQvqpBH2rmHUJ3D7TkFl8cr0OVT9bjjT2PFMeOJlPoAo/pVfw+8igeeAsOoUMKkI98MOdCkl/5NfqQahUm44w3zSSN2Ltb6XqVw6rlyZAVIsVIBBHcc6q+Gx8smsMGUfmlN/8CgD61KQ4eZvnmJ7KAoHtRTA0Qu8Pw6w8uZsMwgdjcpq0RPYDVD6adqz7e7dXE7PUSSASRHQyR3KqeQe6gpfkeHe+lbdh4An+pp0JgdDY30I4gjuKYpfcW4nleTGk9qTMxNegtp/DjZkpZ/2bIW4+E8kYXuiK2QHn8tqq+2fg/kW+CxGYjiuIsL+kiLofVfcVZNFHFmVph3YX0H8xtSmAwsQfNiWYRAEt4bLmJtoBfTj6VoGxvhPipgGxUqQL+Rf3snvYhAemrVftgfD/AGfgyriIyyLqJJjnIPUJoinuFv3o2kCmZDsHdzEY0/8AwsEscY/50tyLHmZnuWPaMafetM3f+F2GhIfFucVJxswyw3/kuS/9okdqvUmK0ptJibLc8Tw96q5FlAXkItlFhYWUAWAtyA5Cq/tLa6QqWkcKOHmPP051KK1qzrfzBg4kODcOt7dGXQ26A6H1vSZQ5MdGagtkfvBvpGrZkDBSbBiDqdeAqBxPxGlj+Vi3QFQB7k8PpTPevD+WK/DOb+yk1U4doyRyGSNspPZToCCNGB6CrrBBKyj8ibNB2RthiDixhLFg2Z2Gcte1yAfmHmOvY9KgsLvJFFMZYopA5W1i6snX5coIv61EvvHiWJZpFYnjeKE34D8n8I9Kby4tn1fLfqI40PuUUE+9HguvRX6j79l5w200xxAkypIBZcoC9+PPXnUnh8JiMOM4kzJxI+VvcW/Wsyw8pBuDapWXeCbJlJuLG2p0/wA6pPC/6RsfIT/m7L/u/tX9txfizax4fywx8VMn4nItqdABxHA2BFT28wghifFJ+7dRoE0DsTYApw1J4ix4nWqFsbByQQRTAExSqGDDUX5gkcGvfTjxprvdvE05SENdI/MTzLkczzAB+56UMcHLJx9Bnk4Y+S7LlsPfWN/LL5SdCGsVYHTjwI7GrjsVY1jSKCyrwQX0FzcAE8Bc2HT0rAFnI71O7B3kmgKtE+im+RxmW47cR7EVtfjK/g6/DMX8S6+a/aNhw+OV2dM3nQlXQ/MpBsbj158DyouKjY/KSKyfbG2ZJcU+JByM5BOVsuUhQuhvflx71Yd39+5FIXEeeM6ZwAWU9yPmH3/pWjJ4L43jaf49/wCxEfKV1Jfv0XCDCNzNU/4hzXaOG/ygu3qdB9gfrVzw214nF0mjbnowBt/Kday/eXaqmV55M1mawAFzYaD00ArEoSTprZp5KrTHOCkCx3bgOPPhVT2ptFZZXyqQLaEjiBYVzae286gRuVHSwufvUfgpCQ4JJsBxFufWteNKP92Z5ty36EEPDsBRQbv6aUGa1z0rkIsKnug+rFjXAKSaSgstFyQFFirLSWWlfFvypImquiys1fER7PT/AJzyHogJ+/CofHYuGx8GBrfmdv0FSuI2fHG2Q/vZePhroFHV24Ivrr0FKYfY5fzNY9LCyr/KP1Otc2zp0VCHHTI2g8vuCKmMDvKwP/EIPcD9eNO8fs8E5VGg4moaTBKhueWv0olaouWztvyPYftFj0IFWbBbQmIswJH5xYG3txrPd1NmpNLGcQDkmaQDUqQEC2sR6/arjLurPDrg8Zcco5v/ALjT/CKPFlOaui0QwAi+Y+5pYTqmi+Y9aoB3kmwsgjxaFXIuCrqQwva4AOoqybM3rw72FwD0Oh+hodB7Jt8SSpFtTpShxmv2phidtRZfIwZjpZdSO56UyllIF/fnUslEmm0rNbivTpR3xB4341DzyIFEmYAHvUXjN5UjBCsGPUa29+A+tSw0WabEheJA9TURjNvrmsvmt04DuW/yqiPvOJpVj8VcztlAUlte72svsBUriYhHFIxbVY3ay6AEKTcnixuO1XUWykpxj2PMVj5DmAlKm98iDj7an3qMhx0ecRTeIZSTYWJNvU1bNxo0lwOGlNizxLnPNmGhJ6m4NRGPwaDbEItoUJ99akVWyk52qKZ8TQEhiAVhmdjduy8v732rORW7/GbYRlwQliFzh3zsBx8Mghj7eU+gNYSKZYtI6KVtypNaODrUCKig0mlqLQAogNI3A2pbAyI/mSJnzIbEFSM/A9y1Zy0+ZixGrEtz0ub89edWzc4fupgeDMFP93X/ALqg8bu9NHey51F7FdTbuvG/pehF0xkk3FDeGa9HjexI5GmGoNuBHEcx6ij+LT1kMzgS6tfU6+tOP2nrqByI007VEQz8qcCW+lPjk+wpwH8uPa3lyqWIAsBpf1prtHHMwVS2ZV+a4AuSBqbevCmmJbUfw8PqKQm8x10v/UaGjPPNqrBHDFO6EJ4r6qQfcX+lONlIQJL/AJR/WmUiWp3sv/mDqn61ng7mh818BviG4CiNLRZjdj20rsUd6FtvRakls4LmnEEBNLxwgC5pKXEE6LoKZxUVbF8nLSDzyBRYcaZAk0sIutGAAqjTkWVI3TZOxQB8uVeNuJY9XY/M1PMaQosKlJm5CobGSi+p0GprAdCyIxSZVPU6mqltQlyEXUseHXXSp7amNznKvDmetNt3YA2LDtwj1Hc8vvr7UUvQG6Vj3e+BsImDWM2aNQL/AMRN2PuSaLsPbmJkOrXF6V37xWeWAG1r/qKiX2omEjaQgXJIRep/yrRx0Y7t2RPxQkeSWHObkRn2u3+lVKHEyL8sjADuSPodKXxuOknYu51J1J/oP8qbyW4DgKrRYeQ7emXmp9VAP+G1S8O/mIC5SoPfMQR6E3tVWIrlqHFFuTJ3H71zycDl7k+I3sW0H0qFxGIdz53ZvUkj2HAUnQFSgNti+zcR4U0b8g6H6MDWn73YzwsJMfzpkW3Mvp/S9ZPJWg7eyzYfDo+njxZ1Oujqq62AN9GPterx9oq0myU3X2+2Cw0UOrgoJBbln1K+xv8AWlNrbZtiIcT5swBzDSwFyBYjjzpnueqtlWQapGqaj8vlsNeRB+tGjRXnUXuviOB6XpnGNLRJX8v1RP8A/v2+mQ69qzDeyPD+MTh0KA6uv4VY62UcvThwtatN24kOHheYqPILgdW4Ae5IrHJZCSSTckkn1NCfCvihcHNv5MRpRKLRlpY0NR1FFFOMNhmd0QD52Cg++p9uNEBdd1sIVw6nm93+vD7AVK+DT7ZuEAAUcAAB6DSnOJwdtRSmbEqVEJPs2OQWkRW00zAXHoeIqg7y4RIMQ0aDyhUNrk6kXOprVsLgC2pFZfvrGVxst+YUr/LlAH9DRixeVKhpgtjzzRvLDG0ix2z5NWW/AlOJHHUA8DTMSEVevg/irTYiP80IP91v/wB0y2ngo3dgygkM3mHzcTzpikZ6KqsvWgSL2J00N/8Afan+J2IR/wAM37HQ/XgftUbNAyGzKR6i1W5leImxo2Hlylj/AAke9SGztjvJqbonUjU+gPLvS2M2Iqxsyliwt0tx9KidOwtaIFRT+JAouaTw8VjrTiUjifpWjHGlYnJK3Q3kLPRljC8aDzk6KLUVYubUfZPRxpb/ACiuLB1pwijkKUAqcL7Bzro9CYtgAapm0ZjITrZR96FCuYdIRhiWxH4jw9uVSO7uAAjaQ8WY29KFCr4lcimZ1Ait6YryQjnm/UVUt94P3sYOi5Cf8VChTJR+ViIy+NFdvpfgPwikWahQqBC3oUKFAgWgKFCoQUSHMQq8WIA9ToKsu9uI/wDk4aCPX9nVE0Ot9LgewFChRItyJ3ZUKLcpdSToAL5jxPYaEcOd+tTGFwozRuzAkXOh+YsdNe1zpQoU6uzRxTvRCfEnGFlEatdY3HiAfmKgi/pmHuwrPzQoUn0hEkk9HBRhQoVACoqzbk4DPIZSNE8q/wAxGp9h/wB1ChQl0Xxq5Gj4OEi16kUjvQoUs0sW8BipVNDwv0rJ/inAqYuNV1IgAPsXoUKshORkfuDjfBmle+vgOF7sWS1SQ6n696FCriUFtrpUlGRb2oUKiCwslNceoEL36ctL0KFXgrkhcnSKpGlib9dPSutHc0KFblFdGVt9g8LtRxF1oUKtxQLYSRwOFED0KFKb2XS0f//Z'),
(6, 'offer6.jpg', 'data:image/jpeg;base64,/9j/4AAQSkZJRgABAQAAAQABAAD/2wCEAAkGBxISEhUTEhIVFhUXFRUWFRUVFRUVFxcVFRUWFxUVFRUYHSggGBolHRUVITEhJSkrLi4uFx8zODMtNygtLisBCgoKDg0OGhAQGi0dIB8tLS0tLS0tLS0tLS0tLS0tLSstLS0tLS0tLS0tLS0tLS0rLS0tLS0tLS0tLS0tLS0tK//AABEIAKMBNgMBIgACEQEDEQH/xAAcAAABBQEBAQAAAAAAAAAAAAAEAAIDBQYBBwj/xABGEAABAwIEAwUFBQUGAwkAAAABAAIRAwQFEiExQVFxBhMiYYEykaGxwQcjctHwFEJSYoIkU5Ki4fEVY6MzNENUc4Sys8L/xAAZAQADAQEBAAAAAAAAAAAAAAAAAQIDBAX/xAApEQACAgEDAwMEAwEAAAAAAAAAAQIRIQMSMTJBcQQiYQUTUcFisfAj/9oADAMBAAIRAxEAPwD0Jh0XUgkAqYga8OhVA1svHVX96fCVRUT4x1UMtGktfZUgUVt7KmCokrMaPhKyFB3jb+JajHqnhPQrMWbZez1Wc+TXT4Zu7M+EJ1xUgLlo2GhCYs+GrRmSKW6qB7x1WjtrZoaFkKLvG3qtnbO8IWcPya6mKQDf2AIkBZm5BBhbO5eA3VZetSz1YSmh6chtKIUj9laDC5aqq+olm6TTRSkmwE+0UTTc4bFDW7pJRgChFtjG1YcCea1VpcAtGqxt3sp7a4ewaHRVGVEShuL7F3AhA2WH5ggLm7cVosGqAsCpVJku4xKXErR1PUbKHCsQcwzw5LSYowFqzltZ5iYSkqeCoyTjkvH4u0t0VI1+Z5KZfWz2CeCHtKsmUnLNMcYJK0WNwNEPY6FTPfohqe6HyNcFlcVNEPZmU2qJCZaGCm3kSWA8uhTB8hB1nqS3domTWAmk1SvZCgplSvKokTQpIULE+U0JicxcIXZXCgBLqdTCSQWFByeCmZVwFaGIPiJ8JVHaDxq2xJ+irbHV6g0NJRENTwm09k4JklD2kByFZnC3zVb0WxxqmC0rKYPS/tHp9VMsyNY9LN3beyFW42/wlWdFsBUvaAw0q33Mo8lBanxtW1tPZCxWHGajVubf2VMOC9TkrcYr5WlUmGVJqiVZY+7RVGFn7wdEpdQ4dJtWHRVGOsGUqwa+GrP4xdyYTlwTDkFwywLtUXXtXM6K0wMNbSzOIAA1JIAHqUBjPaOlBbRbnP8AEZDPQbu+CjaqNNzbKWu7WES1uirTdvJkkdMoj0CmbiZG7GnpmH1KmjUJrhdw/EHM8whn3zHbtcPc78kqL6f8fvBH0j4pZDyW9fEswR2AwRqqUgH2S0/hIPwCWH35puIOypSzkhxtUjT4lQBasrRtTmICtrnFQW7ruBAOk+abqTFG4xKu6a5g1Giit6s6rU4laAtWXp2xBICiUWmXCSaDnP0QjXeJNuHubuE23fOqTeSksBdVymtHoasU63cqvJLWCzplSvKCtnaoxytGbRxhUijYpE0JnEinQmuCdCOtckmAJJDLOE1wSa9dlUZFPjDoCHwGgXlzpgDjvryRt7bGq7KDHEnkFZtpta3K0QAIASZRDVuWsHOPT3KShdNe3M09eY6quvWmDohcIYDWBNTKMrg4fxcvqs1qPdTLemtuBY9eQFUdmvFWceid2rgOADpHuUPZM/eOPRacyEsRN4FVY7QzMKtGnRVuL1wGpshcmVwmme+jl+a3FH2VkcEbmrE9Fs2s0hKPA58ma7QOQGCtmr6Kx7SWxAmQBO5MD3lUNDEO6JNPxO/iIho6NOp6mOiT6io9NG5uC1jMz3Bo5uICx19fUi4lsv8AMy1vu9o/BVlxcPquzVHOcfM7dBw9E2AiUrKhCuSavcufGZ0gbDZo6AaBRyEzMm5lJqSFySrcRxcUv3HESAXQcsukhsxuQ12nkeSMpViWtLmOYS1roO+VwDmnTgQQfVTauh0TLkJuZIFMDsKVl09uzjHKZHuOigSUlBf7e6PE1p84yn4afBH4ZjbaZ1a4Dyh35KlULKzqhLaLc5GhdMU29X8T5CSldBtTNxU7QUXjSo3ofCf80SpMIph0nzWRpYK3R1Y947cCMtMHybx6un0V5hV+GGCqjJt5MpQSXtLnFrEFqzdCg4GAtBd4gC3dNwmgHCU5RTZMZOKyUNaqQYIRNudFY45YCJVZb03Ropppmikmg60OqNcq2zOqsCVaM5ciaFKoA5StKpESHJFclcc5UI61JMDkkhhoKUlLKnBaMxRXsuMlYTsdPyVu4LL407VX+FVzUoscdTEHqNFmyxlyNCsyy2qVKpA2B1PALXvoEqF9PKyI57cVH2tzyafd2rBhu0WjmiZ8+eym7HtOZx/mQnaJ33kclYdizoT5n5rRdRDfsNrwWU7R1zt5rVVD4Viu0VTxDqm+CY9Q7s5cNY573uDWtEuc4gAACSSTsEbf9u6erbVoqH+9PsdWtGrvWPVV/Zl0vdI0JWnucItKgmpbUXO/i7tod6PAke9JLGBykt2TBXN5Uquz1XlzvPh5AbAdEzMrDGcEoMI7l9Wnrtn7xv8A1cxjoQoLDALqqD3dWi4g7PD6Xvc3P8gprNGqkqsEldNREXmDXlGTUtahA/epRWB6BhL/AHtCrKd4wktnxDdp0cOrTqEik7CQ5LMmOPko5KB2GULnKTIzNcIezYOG+/AgwQeBA32JNaiC3KDOVrn0XaDPSBJqUyOD2GXR5v3BbNXJUtndlpguIbIcCBJpvHs1GjjHEcRpvBGco90MQXM/kn39HI+QAA6SADIadCWtPFsOa5p4sew8VBXuqdJuaoY5cz0HFNNNWMmlK1FSq/uqDHVamktbENB41HnwsHU6xpKzV7j7qjg1gLGTqf3iOv7vp717J2bq0qVIMpNaxu8NEancnmfM6oi1JhqNwRm6vZFzG5rl4cf7qnIpjyc72qnwHkuWoGwEAaAAQAOQAWnxm6BaVX4NZBzZ5puKvBmtR1krq2gQnFXmM2GUSFR27ZKlqi4ytBEaBWWEYiG+E6KvqiAEMBqknQ2tyyaTEL0OEIywtRlCzBCvsJxERErSMreTKUaWCa7swDIUEqwuKshVZVMmLHA6qdqEbuimpxFIcmvCUrjymIjBSTA5JIdlrK6mELjnaLRmSM3jZ8S0nZimG22ZxAb4nEkgANA1JJ2GhWZxF0uQH2j44KOH0rRrodVLnVQNxRYZAMbZnFvUNcFLK5LHFPtQtWPLLek+4A3qAinT/pJBLh5xHIlGYB25tb13ckGjVM5GvcxzXkCSGuB30OhAXg5pl+rnZW8vL81BVpGZY0wIgjcRsdOKjczTYj2LtdZFr8yJ7Es8APOfmslgPat93SNG4OaswS153qMGni/mHPj716B2PtopNPkqi82TJOqLysfCsPjzvGFvK9OQsH2lolr54KpPBMF7gnso3UnzWvqjwrJdkRpPmtVcO8KceCZcsx+Nv8aO7K1DGnMqqxh01FadlG+H1KldRb6DT3F6WheeduiLikSQCWOEEjUSDsfRbTFjDViLym51J7gPDmAceHimPjHvRMNPmzz2niFekYbUdHJ3iHx2R9DtQ4f9pTB82mPgUBfU4cUG4LmyjswzW2uN0H/v5TycI+OysnBuXMSMsTMiI5yvPC1NM7cOXDRPeLaburj7XWtwKfi7nuix5GgL6jhAncCXRw8bt9Ixz6znnM9xceZ/WyNwr/ud9/7Uf9Y/kq2m5YJtuXn9IuKSCKO69Tw26JpscDu0Lylr41XpXY9n7RbtDPapDI4TqRJhwHv93mtINJ+RaqtX+CyurhzhqVednrwZQOSpLm0qCZB0neAYA5TOw4Ia2c4GWmFsmc7Vo1+L3DS0qswexDhPNVlxXcRqrzs9cgNAT5YuEDYzZZRIVRbMJWnxiuC1CYZYgtlJxzgqM6WSrrGE+xb4x1U+M2uTUJmGDUKKyXeDQNbognFG5tEAtTEa06ooKFgRAKpEsauPT02psnRIG52qSbUOqSks0DmqC42KJlD3cQVRBlq2tT1Xl3bLEO+vbh0y1hbSZ0pgtP8AmzFemYrdChTq1j/4bHO6kDwj1MD1XitsS7MSZJIJPMmSSlLgqPIYYgKVrWjYweaHLtQnu+ag0DKVKoC2q0S5hmWx4hxaY2JEjVe39lKgNFkbFoI6ELwNjnMcHU3w4EHyOuxHEL2/sDdvr2zXupd2QS3QgscRuaesgeR2891USNQ1JKx/ayI0WnvKhaF5/j98S5wVNUiIu2X3Y+h92CtFdUvDoqjsefuW9Ar9yLoTR5xjktqFXnZL2Ahe1dIbq07K0Pu29ELkcuKDMTpl4yjjzWF7YY0yh3do32QfvojV7tIPmAZnyXo108NBdGwJmNF8/wDaW5dUuKjiSXZyek/oLm1pOU0vxk6NCKUW2PxRsOI4j4+YVW5Wl2AWM55Z9BEGfX4KsqBVzlFZjhkSbVOy6UysdkqKstMPdFjeedWzb7zcO/8Awq2mUTb1YtK7edxafCne/mg2FZxjmXn9IFImlXPY7HXWtw07sJyvbr7J4iOKoy5Poe0iSwaReT2y9unkaP8AAYI21B2Mfvb8foqtriXEyfXdTdnnCtZsBklu0CXcIA08/gn0rJxJy7cOPxWmm90UznmtsmhlR2ims3kbFDXMt0cE62KskKvK7jurvBbwZQFnLglK2eRsYQuQatF9jdYOEIvD7AZQVma1UyJPELY4ZVBYFSyyZYRBcMyoAlWl+dFTuKbEmEUwpoQtJyIDlUSZHU2pslmTaj9EyQGoTKSTn6pJFF8HFR3h8Ke0Ll57KciInk32o4mWsZbg+2e8f+Fp8APV0n+lYOy9l3UfVWPbi9729ruBkNd3belMZT8Q4+qrbP2HdR8ioZqiVrtUTdaR0CFoDUKTFn+KPJIZynXEwBJ5lFYdj9zbvPdvOUkZqZJykgyCIMtcCJDhB9NEBY7yeSnZWj2WieZEoGz2vst2v/4m00/2aqyq1skgF9M8JzgDKTycB5Ss3jFItqvaQQ7aCCDr5FYnBTXc/wAFepT0LnFlR1MBrRJc5wIhoEmSjcZ7f3b2CjSrvLGyBWcB37pkHLUIzU28gIdzOsCrwZ7aeD1vAqlO3p0xWqMpF0Brar20yTGwDiCSr+88Iny3XywHak7k7zrPWd1qOyfbC5tB3bX95S/8vUJA1/uX/uO8tjyJRuBwfY3+P3mZxatf2eA7tvQLzs3lO4b31M+Fx1B0c06ZmPHBw+s7Feg4A6GDomlYm6Hdq6wZbvdroNl89vque466ucXabazBJ6le2fabXiyfB8j8/ovG+z9LNVE7AFx/CzU6+ZIHnK5Z9b+Dr0uhfIZXZlc0fw6CeTcpM+jSh6Fo17Xuc7LEeepDnbdA0eqLxF0kkbkwPfJI+A96AqaAM2mS7oAfh+ShM1aQLcUC3UQ4eR6bj1QtR5OhU7z4Qf5nfGI+vvQ1Y6nyWyMWj1PC+zOHHCmPeDNSkK1Sv3jhlqsa8aNnLFMve2I1gzqvK6RXt+OW4p4T3XBlgB/UKEk9S4E9V4iwLzPp+pLUlqttv3YKaqvA9T2u4CgIUtHf4r0JcFR5PSexlwe5e3kP9/mvQMJotLAvN+xjtXTsWwep/wBlr8NxTJLSdue556cPVL0r9rXyR6pe5MJ7SWoglVVhaucERiF86sclNpe48GguPuCucItiKYLmFv4gR8CumrZz3SMxfAtMEKG3+q0eOYe948FNzugJVbSwOsB4mOb6fklQ7wB1uC1mEnwhY+8a5joctXglYFoVQJ1OwXeBVRVteu0VSKRKGCHUnBEghQMtSEVRoEpoljdFx7JCINkVylR1gp2Ipq7IOi6tB+wtKSQxNVf2lvxb29Ss7ZjHO6kDwj1MD1RtJywX20YjktadEHWrUkj+SmMx/wAxYnIUTxuo8kyTJOpPMncoq09h34h8kEjrYfdn8X0CgsltfaC5iR8ZXLM+IdUsQ9soGR0N0ey3JIaNyhbCnLgjcRuAwhg3dq78H8P9Ue7qhA2TX9UtpdzR9l8F54vAMtn+WYIHk1VH7BV/u3dSIHvOieXOeZJ3SrvgZW7nf8khkZpUx7T5PJo0/wAR39AoXRw19f8ARPdTa3cy7kOHrzUWaT5dZQFlv2cv306zQJLajmseOYLoafxCdPUcV9B4PbuawAjWOK+c7d2UhzYBBBbto4GROaQtr2e7cVqVSnTqVXPl4DyD4GDNsMhh5PMNjkSmpUTKNm7+0SiXWVUkEhuo8QHuB3OvCV5BgdSGuI3cRJ/lbrHvj/Ct7d/aY51V9Gpb0BTPhaG5LhxkiC+pmycdWjLEb6QsRiGJt757gBl1IytDG8AA1sCASCduPFc07cm13OnSdRSfYN7sQXncCGjl59fzKpDVkuf5ZW/rpPvRN1WIoNJPieT7iB9IHqUIR7Df4RJ6uyx+vJKMTSUjop6NbzEdYE/Ue5V9x+9/V9VdWdAvfmGga4a8pAlV1pb56zWc3x8YWkWZTPb+3IiyuByt3j3U4Xh1Bu/66/DVe5dvX/2e6/8ASqf/ABK8OpmNRwP+35Lx/o7vTm/5Gs8NeDj2ax7uqaDBB5Ka4I0I/U/qEysNneWq9cg3HY+uAPUA9Dx+J961WH4LXuCSxgDQSC93hbIjTTUnoF5h2fvu7eGunKd44t4gefEL3rsxi7atDJpmpQ2BAzAiWujzH6Kz0Ft1Gn3Hr+6CkuxZ27MjGjKwENAOQQNN44x1XS9V9fEDDsrJIPGAPWVHb3Tx7cakARJidpXYcv2pVZZ96oL3EO6bnIcRxysc89YaCUG/FGAgA5iSQSNI0BjVVt9j7fZ7zLtqAdwdieI0ghYavqNPTWWVp6M5vCI6mPPqOd3FGoxhzB1y5rASW7ty+1TEc4JR+FW4DQHHxyZdO+pgkHjw0UV1dd40gGM8PYRoM2uZpI6qKjUDfazNfAkH2XEcjw9FUZZuzX7Ka4yG3ZI3U9k1qGrWlO4DHgw9r2yQYluYZp4HT6KHFadS3Z3gOdmgJ2InaQtLs53Fp0y0uoAUNpXErM1MZc5c/aHDYosKNlUuGxuqz9vAcsv+2VXc/ciKIc4DeUWG2jU/8VYOKSy7sMqkzHBJFsdI1jaa8K+1bFu/v3sB8NACk38Q1qHrmMf0r3q4rNp031HbMY556NaXH5L5XuK7qj3VHGXPc57jzc4kk+8pt2QsEasmNhh/F9AgKIkhHg+A/iPyCRSGWphyIr05MoWluiKjtEICe0aGyTsBJ6BVFesXuLjuT+girmqRTA4uMn8I2+PyQCAZI2seCNpNyAuOrvl5D8/0Y7Kj+8d9m/V35Lt5VA0CABSR1K41KIEndcBQFhGYf7J9rUh4Oogg8zodIUATgEiixp1afegNaT4j4nEyTzgQN0DUcDCjc5Nz6ylRW4sr+rPdjgG/NxJUTK/iJ5k/KB8yoarpAP68lG1ymi92S+pXYZauj2nvPXefoQhuzvivbcfxXFIHo6o0H4EqtdVkQrnsIzNiNoP+ew/4fF9FnP2wk/hg3dHq/b2p/ZLo/wDLcPfovD2O3Xs32iH+xXPp/wDYyV4sCvK+iL/hJ/P6Rrr4a8E9N/A+aex+7T6fRDByWZexRlYaNOPmD9f1zWz7IYo4Opu7wgseym+ZP3Tz4T5hrgQeQhYNtTRT21y5subsBDjyDtPnHwWepCzXTn2Poi7pu3kEceHmEFWxZjGch1XbW9JptcOLQd+YB+qErihU0q0WOEzBaFs9TBmn2ZQ0rum6oCwmWhtYAGQ5hcWVB1adfQ8lRYm+pTee8GYGC0iCKgcfDkA1H4eEQVtG4dZM1bbhh8UFrniM28CY4nTzUlrYUWtb3dRzImCAx7hO+VzwS30Xny9M2+Uzv0vWQh2f+8D6VanQp06L9KhAeWk+yHbB3M+16BddUc9hcx0cIO08iFTY12b72i5tC5qCsTmz1nAmr/I97WgtHw0EqlwztBXt/ucRpuYGmG1wHBw1LRm0hzdDB3iNCujTjJKu3Y5JTi5WuTfYdVcBlygCPE6AGnyaFJTdmD6ZMtqNLTI48+oPyWVt8UdWq9zTL3QdHggyBzMaBaa1tnNyS85pOaQefM89yU4zvjsZ7k7+SGrgDWjQInDsOHFF4zdikGyQZGkeSqrbGADqV2YObJeOw5gGyCt7drXIGt2oZEAoIYmScwQGTZsa1JYS67UPa6A0pJWG1lr28xIUcNunHd1I0h1rfd/DMT6L50XtH2zV8tjSYP37hs+YYx5+eVeLoYkS0DEoxg+7/qPyCEp0wQirZvgI/m+gSKI2o2izNAQkKxtGQx9Tg1hj8TvC34n4IQMqL6pLzGw0HQaBDrpXECDrWpO/AIepq4zsP1CbSeQV2udYHP3lAyNxlJcSQImakSmymygdnSUiuJSgLOtfCdmCjSSoe4kzrSfZu2cTtR/O8+6lUP0WYCIsb2pRqNq0nllRplrhuJBB6yCRHms9aDnpyiu6aGpZPY/tJn9ir6gTl3IEjvGEjXjAOi8YBV52g7XXN40sq5A0vDsrAREAgCSTI1nXiAqFcf070s/T6OyfN3/Rtq6ik8DgV0lNC6Cu8ysc1FWd21jarXMzd4wNHiIykODs0cTpHqg8y4lVlbq4PSLD7SGBwp1aTjSa1jW1AGipo1ocX0x4SJBOhnbRaq1xCjcNz0KjXjjHtDyc06tPULw8J9Kq5jg5ji1w2c0lrh0I1SlC0LdR7XUmFJbPK8+wnt7UaA25Z3g27xsNfHm32XH3LR3mP0n0Zt6gcXQIGjmk82nUFc8ouOWawW90guli+e5LWmQ0anor59cvEOEjkfJZLs5hrmuBd4S7nv6haYkzkbpzd+SlNpWy5wV0idjv3WADmR8kUx2UJlKhlGysbW2ad1tDTcsvBhKaXBnO0JNXuiJlpOYRpGka8ToVFQsXP2WqvbVgCiw4sBXSo0jFuzOs7NuAkqe0w4nwlaytVZCqWXjQ9NILZE3syw6kJK5biLBxXEUKzzL7cXfdWg4Z6x9zWfmV5KkkiXILgJo+z70RZ+y7qPkkkpKG8VZXZi0041Gz/hcUkkAZ9cSSQIlob9A4jrBUbUkkAcSSSQB1JJJACSXEkAJdXEkAJdSSQB0LqSSRR0LqSSBiSSSQB0LqSSAEi8Hrup16TmGHd4wT5FwBHSCkkk+Brk9TY49+OpWqwukC90iYbPrH+iSS59PLOvXwmFYrogqNZw4pJLtZ56IL+4dHtFV1vXcOJ3SSSAHuL6pr4z8FDTquiZMwkkgYNXuH5j4jw4pJJKWNH//Z'),
(7, 'offer7.jpg', 'data:image/jpeg;base64,/9j/4AAQSkZJRgABAQAAAQABAAD/2wCEAAkGBxMSEhUTEhIVFRUWGBgXGBgYGBcYGBgWGBgXFxcaGBgYHyggGBolGxUVITIiJSkrLi4uHR8zODMtNygtLisBCgoKDg0OGxAQGy0lICUtLS0tLS0tLS0tLS0tLS0tLS0tLS0tLS0tLS0tLS0tLS0tLS0tLS0tLS0tLS0tLS0tLf/AABEIALwBDQMBEQACEQEDEQH/xAAcAAABBQEBAQAAAAAAAAAAAAAFAAIDBAYBBwj/xABGEAABAwIEAgcFBgIHBwUAAAABAAIRAyEEBRIxQVEGEyJhcYGRMqGxwdEHFCNC4fBSYhWCkqKywvEWM0NTY3LSJESDs/L/xAAbAQACAwEBAQAAAAAAAAAAAAAAAQIDBAUGB//EADQRAAICAQQABAQEBwEAAwEAAAABAhEDBBIhMRMiQVEFcaHwMmGB0RQjQpGxweFSJFPxFf/aAAwDAQACEQMRAD8A9V1BZywcwIA6QgBpYkBwMQA8JgdCAOoARQAys2RZJgiKjW4FJMbRSzR82aYEX8Vj1abaXoX4K7KuWYo0ydZOg7+I4gbnyVGPIsT83RoyR3ddh52I073B4hdPftXPRQoKXRMzFAiQZT8SFXZXKFdlaq6TK4eoyeJNyKx9OqpY5voTJmVFrhkEPNVWeLxyFAbG1Q1x2uJXJz5Jb9oGAw/2oYNleoxzX6dUCqLtIHIC8TMGOK6mi03hQt9vss2ujY5V0nw2I/3Vdju6YPoVs3IVBhpkbqQgL0k6NtxQDg8Mqs9l+kObB3a5p3HHuKpzYVlVMTVmXzHoy809HXNe8NhzogOuSCPCY8lx8mHZkpehGT4SMnRwGKpPGjU0l2lrmOAJdMRYyr02kmvUjGDZ6dleJxtGnOIptqXMlhOqIFyNuCvll1GFbnHcvy7LEg9g8dTqt1McD3cR4hacOpx5lcH+4ElRquYwD0jxppsI4mwWbPk2xCUlFGP0SJ4rDDLKC4Myk0y9kWJp0Xhzw4kcQfitcNa2qki1ZuKZrfvdHF030w7cQeBHI+quWSGaLSZJNSPL8VgHU6j2OLSQ4iRcHvXMknB12VtJcBpvTeqP+CP7X6Lq2atpao/aE4CHYe/MO/RS3MWwm/2/jeg6/eEtzHsHD7QW8aL/AHJ7hbCen9oFLjSqD0+qNwbC9T6Y0nQerqCe4fVLeLYyR3S6gDBJYeTmkJ7w2FzDZ3Tqey9rvAgo3BtL9HFtPFSTItE4KYipXbBlRY0U8XUAvEysmqlSRdiVskyuk2rJcwSDY7+FjsoYIRn2uS7JJw6Zd0aeyduH0WlOvKyO6+UVqUBxAEHn8lx9TlXivGiGZt8M4+k6d/NZdjsqtHWhwV6TXIcFllWVeptkWiZr+auTfqIAdLG9kOAndrhzaRO3HY2WDWwtqUXz0I8/p0MteZdhmA/yy0egMKiWXXR6m/p+xLxOC445e0Woj+076qi9ZL+r/H7EbQ+l0loUbUwWjuc76q2OPWek2LciLFdMy4doHT4zPOATfzsr1p9RL8eR/wBxbiriumzTpFIdW0C9gT5RYDvutfhzjGooT5fJeOLH/p3sp0hVd7DiQ2IbILn8DHxWPT4sssrUZtNFj6VB+m7NHAFvUkc+t+jV01p9V/8Aa/oFETslxxJdooajuesPyask/hOSct0pDtj9GZ0/yU3DkKp/zBaI6PUw4jlf+RcgTNc1rFwGIwr5AsWvafgVRmw6q+cif6EJ1/UVqeZUv4a7f6pPwVDWqXsyCUTv9I0P+Y4eLSELJnXcPqLavcq4qu07TzmSPUBaY9W0JOnwNy7NqFSpVdiQR7GgMhoAAIIjyatEYwn5pfQttPtGt/oWm7gFvNFnT0apHggNw13R+kYDjtYJJD3Eg6MUk6FuGP6M0x2gdkUG4t4fCNY3UQLbckkDZQx+Viu3Ud7oHdGRxmVOputI8LJjFQzTE0tqjiOTr/FAUGsB07qMtVpyObT8j9U1ZFxDVLplRqj2tLuTuz8U2xbQnluKFRwa7jMHh3KnIrXJJOgth6raZcNp+XBVQmsbJSTkkNr4lpEzPgVTmzJKxpNFZmIaON+PFciM1OTaIStsk+/gbLXBtdC2EZx3cp0w2HRi/AIVi2nfvB4lPn1FQG6RYwEMYDedXoIHxWPWS8qQmjEdIMqc6K1FjjqJD2tBMP31QODhfxBWjTTeSPu0VSVAh+U4jSXGlUAG5cC0DzctShJehAotjc3+H6o2jogrOLvP4KcVzwBbo5PTNhiGehHxhE5yT5QUHMNgKZZ1NdwqtiW6bEFu0wTIufVUJ+FkWSK74ZZFsmwGAa1wFCrXp9zahgDjbZdCORydULebLKqldkasQ+oP5g34gBXWG8KYnM3Bs6R6gfFJsIyt8mRzrF6iC4EEel/BZssdyDJG0UmnjKy0ZShm9SWhoN5BPkoz4JxBdaqYVa57JJHcpy8VNTncwB8/ktMehuVHrH9Dv2FYei6O007hzMrrD/igo2j3IoYno9iH71WuF4kKXyDciWllmKADdTYAhRaYWi5Qy+tcPc2PNG1ibQLzvIcU8jq3McwDaS1G0akihg8rxzLdVAH84IS2sluiLEYaq29Sm4e9FAqKFbDh9203HwaT8AkFlSpkFR21J48RHxTQnJe5Vf0TxB2YPN7B80xb4lvJ+j2LoVqTxVa1jXgvaKjhLQb2DSJUZ8xaIuaPRsyw2tssI1cNr911yZN1ceyzFk2vnoFMLmNhxg8jAM+XJZZRnN0y9yUnwRvxbBx+fwWqGLDBcyQKKKz8yb/N5NcrHmwL1+jHSHDHfyv9Enmx+l/2FwPbju4jy+imqfSYbDuLzLS2Wte88A1pJ+ClKHHCK5JR7IcRlL6zWu0uD4BNid76T4IyaBTgq7Mjm2x+Dovo62uaSdJIA3cW3gczErHpoT02bzeoN2jG5vl+YYl5c7C4gM/KzQ6AO+1z3rpSx5ZvlMgkUGdD8e4gfdaok7kQB6prT5PYYfb0FrsZDaLnO4usPISbBXwwuPoNFF/QXGnbDn+1T+blJ4pNU0O0Xsv6IZhTEDDMg/xOp/J9lQ9FYX+Zosr6KVmXcwAn+Zpju3V+PA4KiIYo5NV4gDzCn4chUQZrkVarTLGtYLgglxm3lCqzYJzjSQNcAI9CcXwdRjkXO/8AFVR0uZe39/8Ago2gPmmSVsMQ2s5p1Alukk2B4yBdVZMLg+SE1QIxdPSJndZZppBEHPuoRRM13RXJw6kS94YJtMCeZ+C24sVq2NQvlkFHpbVHFauTXRZo9Mqg3RyG1FtvTJyLYbUPb0ycZsnbFsJKXSZzkWG0I4bpF4osW0MYXNtQlS3EXEu06zXi4TTsXRZo0wGgACAr4Lggx+gch6KVCFpHIIoBjmjkFEYHxrHtkNdAv434Lj5tDLc3CVIui0wOaYB7+ZUceihHvkuOla1jiukByE9i9hWLSpKC9gsmo4SVZGBFzDGDwgCuUSmUgnTaplbKOY4TXcWO4PIjbyWTUafxOV2Bfwz5aJ3j3rTiluimxEysEJACQAkAcQMSAEgBIAwX2mNOqiR/C74hYNZ2iEzz/GA6SVhnyQiDXV9N/RQguSxCdi3Pu95kW8lddg2ehf7KNC2muyf/AGTpFvEFFBuIP9mqQbd0Rue5FDVt0jJ5zjKFN+mh2wN3HYnk3mO9WwUf6j0Wg+Era56ld9L2/NmlymphnUadRzgwumxN5BIPlZLw235Tm5vh2dZpQxxckvX5h3A5fRqgOpuDmzuFBxadMw5sWTDLZkVMK0MtAsNkUVWXWUtKdES/R2V8OiDHqYHCgBpSAq4mnKjJWSTBNbB3VLgWqREcMltHuEMOntFuLFHCKSiRci9RoQrEiDZcptUiBMAmI45qAOUhv4qMVQEwUwEgQkAJAxIA4gBIASAPPvtScQ7D+FT4sWHV9r9SE+jBufqBny+qwONsh0DGUjr0nv32ngFbix3ZdFWipiqTmuLSCCLEclGq7E0e2VcWOa2mgzufZ25jIbxMHwWjTw3T5Oz8F0kc+ZufUVf6mExWMqaSzW7STJbJiVLVcPg9bLHDfvpWvUo0mguAO038FmgrkkRfLLVfF8rco5LZLMocIueRQVIM9Huln3Wm5gYXuc/VvAFgO+TZZ21J8nF13w9avKpylVKujS5B0/dUqtp1qbQ15gObNidpk3Cls44MGr+CRhic8Tbrl3RuxVlVHnKLuDdLfNX4+iMidTEJADSgCN7UgIHUkqJDDQSoLEKCKCyRtJMVkrWpiJWhMiSBAHUwOQgDqAOoASAEgBIASAEgDiAMD9q1MkYeP+oP/rWLV+n6kZdGKwWDdUswQBYk7fqssYtijBsJYro6C0R7Q48zzWlKlRoSov08upVmN+8U9TmWnYkd8b7JOKfYV7iwDaj2BzwWg3A/MRz7gppGzDp9/L6BXScQGAbXnuNt1r03DPU/CoKFpIylWmSSFHURuR1ZJtkBpxtclZpLa6XYtlfMd9357q6OBpc9g8fv2MIg2hR6dcENvPBawWJDHtcWg6XB1jGxn5KxSIzg5Qcb7TX9z0zLOlTKwGizuLTuPqFU8bXJ4zWfD8ulfm5XozU9G8TrY86tXa38uCtgc6YYUyAkAUs4qBlGo8z2WkiCReIGx5kKnUS245S9kTxq5JA7orTc6gKlRznOc4kFznGALDc9xKz6FN4t0m237lmdpSpBTGQGOc4SGgn0C1ZGlFt+hVG26QK6NUJYXuuS603iOXK5Kw6CFwc5e5fqJVKkGg1dEzWdDUCHAJgPAQIcgDqYHEAKeHFK10B1MDqAEgDiAEgBIASAMd9oeDNT7vAMBzwY4Ahn0WbUQ3VZKKsHYbDhoDRsFVVFheDRCYFV7L2CAKr64eJAPhNweUc1Yj0WPG4cMEZ2QWGdvKfepwltlZv0rcJ2jLYfCvqPhsDmT+91Zmk0+DsTyKCsP4bK6dNpNi6LuPy5BVQXNmKWonJmPx9fU8hthw8Es+VuW1F8pt8IazBuG4PnZQx6aTdoIQdC0wrOUySL+Wufq7AuQQOUq1q42cz4vp3mwbl3Hk9W+zrEVHU6ram7XNgyDIIPI22UYHjZmyCmViQBnenGI00AwbveB5N7Xx0rn/Ep1i2+7/6aNMrnfsFcvpup0mMFM9loG7dwL+9asUXCCjXSKZNOTdlLpJiHNokFoGohu8954cgs2uyOOJqu+C3BFOZ2nXNGlRpNE1HgQDsJuSfMlJZHhxwxxXmf3Ybd8pSfSLtfVTYXF5cQJvAB8ABZaMjljxuV3RXGpSqiDr3CgHlx1HbYbn6BZpZZrTKbfL+/8FihF5dqXBdw1Mlo1EzA4n5cVqxQcoLe3dFU5JSe0jZWJYZNwYlZfHbwSbfKdWW+GlkVdMs0G9kTdadPjvGt/JXkl5ntIqY1amk2E/oqMV5N+NvhN/8AP7E51GpLtjMvqfhnuJH0HvUtFP8Ak8+jDPHzkrMG0P131RB5K+OCKn4nqVvI3Hb6FlXlYkAJAHEAJACQAkAZ/pdSLmU9LtMOPCZtxVObpE4GXL3t9oSObfos5MkwuYNcDcGNxxHiEwLbKwKAozFGs5rtRaRNiDb3LRt4PZOMZKijnGYiImSiMLNGDAwPkmMa18vdA22lDd8F+ROSqKC+YZtTLHASZFh4qUFyU48M7tmQLbyFmnFqbaNG3nglfinHcyrI5WhqVKjuEYZtcC/zU8aptLoeNBXSGUC6fasB42VuR0qRi+K51j08lXpX9zYfY+YOIHMUz/jCpgeIl0enNVpUOQBk8+/Gx9CjwZDj5nUf7rB6rl6n+ZqoY/b/APf9GrF5cUpGsK6hkM70j/ErUaPMyfMx8GlczW+fLDH9/fZqweWEpFnq/wD1snhTlvw+blZt/wDmc/8Angjf8n9SfPasMDBu8geQ/WE9fOsexdti0681+wzMo/DpDhE+AgfCVVq68mJEsN+aYTr1A1pPp48Fvy5Fjg5MzwjulRR6shjQd3Gfl81yp45QxRg+5OzZGSc210kEHPAE+i6s8kccN39jHGLlKiPCUyASdzdU6TFKEW5dvkszTUnS6RBgaZDnjgHe/wD0+Sr0sGpzXomSyyTjF+tF9bzOJACQAkAJAHEAJACQAC6WOhlM/wA/+UqnN0icAHFlQTKtfKWvMix5jf1QFkP3KsLB4PiJKBgbMsaC4Dlv+q0bj2GOEqKmJyXrwCxzRyJPDkfqhToujqdnEjlLorSZerVLzybYfVQpN2R/ipt+VUDc5ywhxdRA0xdvKOSbv0NOLPxUuwGKiiplzZG8pSdMrZNQNwCYB9FbAsg67C2NpgUg0m4cCPAgqzNTimcf4+4yxRl63/o1n2TmK1Yc2NPo79VTB8nlJdHqTFaVsc4SN47xFvWyOxA5mSMFY19dTrCIJ7HICw0wLBZ1porI8lu/0/Yn4r27a4CRFonz4rSVlM5XTNQVTqLxYO1HlGwtxKo/h4Oe93fzLPElt2+hYqYdrtJIu3YyQRzurJY4ypv0IKTQ2phGOEOE3BmTMja+6jLDCSqSGpyXRTpsBxNtmN95/wD0skYqWq46ivv/ACXN1h+ZeIYHAWnh+nJa2samk+/Qp8zT9iN96oHIT+/cs0/PqkvZff8Aotjxib9yzA3WzbFeakUW3wcFQRIuEo5YyjuTtDcGnTO02wO/c+KlBUuRN2PUhCQAkDEgBIAr4/EdXTdUgkNEkC50yNRjjAkx3KM5bYtgSUarXtDmODmuEgi4IOxCFJSVoQ9MDJ/aRjH0cMxzKYeetAgmIBY8z7gq8itE4GEw/STEn/27f7R+ipomF8Fm9cxNJg/rn6JUAVbiav8AyCfB7fmigMTjsEynLjVLnb8APS6tpPg95ibnSUeDmXY6xsdN5MGPXgq0ndBmwpP8ypisY8HXSl7OcEkHk5TcaJLHFrbNUyLD46odwe/l5+qkE8MF0U82ZDS7SBtPmUpPy2Q37ewZhmuqEBsXJ4GAOBJVE8u3v1MmbWOHNdmqyzJWNMnt9x29FU8r9ODBl1+SSpcGmweU0XUzSdTADuIFw7g4HgU97fLZztRknm5m7Ivs9wzqONqsdHZY5sjjDmwY7xdaIP1MMuj09hV6ZUSBMRnOlmZFppUm/me0vPcC06feCe6Oa5+tzOLjBerV/Tg0YIJ3J+xpSuiZhIEJAHChgV6GEDHOcHEl28x9FTjwKEnJPllksm5JexK6iC4Oi4sCpSxRc1N9oiptLb6CZQAJdJk7pRwxjNzt2xuba2khCtaTVMgNZSA2VePDHGqROU3LserSB1ACQM5KAFKAGOrNAJLmgDckiB4pbkubHTF17dWnU3VExImOccktyurCn2CaFAYRzoMYd5kDhRqONwP+m4nyPcbZuMDv+l/R/sxUFqVVrgHNIc0iQQZBHcVpTTVoGmnTA3TCkHUWg/xj/C5Qy9EoGIxOBgWsqLLCp90qWMO08x+5VD1ELojvQWw2ILBGpWpp8odJmBw2Aq1cR1RnS2C9/IbmJ43t4qT3OVJ8H0HLqvDXlQccWPBDbUmdnutw7+8qy76MsW4+Z/iYHxeatnSwAgeg8Ak8qTo0Qw7ncmLJ8Z2+1sbkcCBwhWbrQs2LjgPZjgKdemeq0h9oaY0ugzHiopoxqUoS8/KMvgMPoqOpmm9pJEg/lHnEje/xWTVY40mnVGTWwVKUXwGMB1gNgs0VNGBpepqcCXCC6B4lW212USr0H4DJmU8eccHRqp6HNF9TrAGRtZrfRN6rw48oyShzwa/CZkHPDY325qjB8Rc86xtcMrljpWEa9bS2Yk7Ac3GwHquxKVKylK2ZbpnR0Nw8mTrcSebjoJPu9IXN18dqh8zVp3e4L9JswfRY003Q5ztIBAIiDJ+C063NLFFOL5bKsEFN8luu54pue55bpaTYCbDd0jc8grZuSg5N1SIJLdSRUbj3/dBVJh8cALnVpBgjzWfx5/w3iPh/9os8NeLtXRcy7W+m0vcbieRM38gr8G+eNOTIZKUmkMy3EFzXkkkBxg8Y33VemyucZOT4TdfIllgk1R3A1CabnuJ4x4BR0+STwyyTfv8AQeSKU1FImwgc6ncmTxUtPGc8HL5fqLI4xycLhDqbzZs34nuUYZZvbivn1f5f9HKKVz9PQ453bgbBva/fNScqzUukufv3ElcLfd8EGEpF7HS4idr/ALsqtNCWXHJyb5J5ZKElSInPFN7KdQy0NsTsXE8e4bI3LFkjjyO1X1FW+LlHuyLG1H0A9wcD1hhgH5e+NtkZZT06lJP8T4XsOCjkpV12X8JgGtaA4anH2nG5J433HcteLBGMaly/V+pVLI2+AHlL/wALFV3dqSd+JAJHvcFg00v5eTLLn/hfkXmjFCyTJm1cJpqfnkiOF7G/E6R5KWl0qnp6l6iy5XHJaKed4FuFfg6jN2uDHu4u2ufLUPBQ1GGOCWKUfR037/fJLHN5FJMO5s1lQOZUMU2sJfcAS4EC5sIbqPm0roZYeJ5X1+/3/gzwT6XbM90Sz9jAaD3gsbJp1T2Q5p7UOB2dc+crLpZvG3ifS6f+mXZNFqI9xf8An/B3pX0kYWtp0C2q4EOMHsgQQBqFpv5BXZs0fwo2aL4bKVyzXFfUF/eesdoILYA1XBkkTAI3F1jz5X+FHO1K8KbhZdAjjHjsslozDToO8HylRTXox8mTxtctpvbTH4j3PJjcNZ2fdHvXcrs+hRgpTTl0kvqZ/O8yDGtoMMAAAx++arnLbGkDnGMrl2wbhw07qGPa1TNMeVwaTK8uYWnS6ZEQe/keCuUUinLkkmrJMue4GC0gi0d6iuyvIk+bCWbOJ6onmfLY/VLOrgc7NFbJDsI6T2BJ58B9Vk74RzNvuS5hTNN9MuPtAjwiPqoZFtaEmqaQfy58i6KTVMzzJsvxEVtPEOgeG3wXKxx8PVKvR/QrkriaWkwVXS4AsZIaDsXbOd5XaP63NenSU3b6XX7/AOv7mX8K4APTqg1rKRa0DtnYd0/JYfiUVGMWl6mjSttuy5jPxsdSZu2k3WfE3/8ABWZP5mqjH0ir+/oRj5cTfuXOlNYijpG9Rwb8/lHmrNfNrFtXq6IadXO/YgzZgihhmni2fACPmSqtSl/LwL8rJ4n+LIwtj6mik4jgIHwHxW3PLZik17FGNbppFBv4eGA4uE/2j9Fhb8LSV6v/AGaPx5r9iev2KLW8SB77lSz/AMvTKC7dfuLH5srkXWDS0NG8fsrYlsgoLuvtlDdtyYynT7Z8Le5ZseJLUSTXpx9C2U34ar3OY14awgeHr+yp6qcYYmor7ZHEnKabH0G6WARcDbv3V2GOzEl+RCb3TZU0ddSJqgN3IPIc+5Z0v4jDeVV7FrfhzqAK6t3U0nunSypPgwxfwkFY1GfgwlLpS+n7Fza3tL1X1DeaYjRSeRc6TpA3238BvK6moybMba7rgy443JGZxNUMwDWA9qq7YctU/wCUBcuUlDRqK7l+5rSvM37GqwlHRTYwflaB6CF18cdkFH2Rjk7bZivtKzykym2j7VXUHwD7AA3dykGwVOqwLNDa3XJ2PhPw3JqG5viPV+/y+XqYTMs9r4skElrHEF7Q46S4bGDsYA25DjdSvauz0mn0GHSLjl802lfJfwuGkCHG3OAfcAsWTl2Y8zW66LVHBw7VxVVclMsvFEmLwdiWktmTZzhE9wKs3v1LcOaMq3pP5pMJ5Ri2VGiCNQA1DiDsbeIN1nyQUJUeU12neDPKD9+Pk+gg2s3gR6hVb16MzUzz/PMA44jrQez2fKRy7yHLtSgt6l7H0TTzThtfYL+4uNUMpj2rgnhz1HhHPw5ocXFukX7oxi3P7+RPjcuqULvdScHRMST/AHgCfJJxn+J1Qsc1k5qixllN02tyg7jum6m1STDNVGgwu9xf4qLXqc+f5E2aNbp0uHAn0EodOPJlfTsZllcACAsq4OY0HGMovE1WggbSJg90bKE5R9TPLcvwnTUaI6tsM27575UNyfRFp/1dkWHhziZIk8N/I8Fj2LxN5GXRqcn0tYGNc4gAABxkgCy6+myQa2xfXozLku7ZPjsrpV4FUOcAZA1OAB2tBVuXTwy8T5/UUMkofhJcNl9Om91RoOtwguJcSQPE9wUoYYQk5JcsUpyapkmLwjKoAeJAIIuQQRsQRspZMUciqSFGTi7Qm4KmHB+ntDYySbzO+5uUlhhuUq5Qb5VRNUYHAgiQdwrJRUlT6Em07RGMMzTp025GTttuq/Bht21wPfK7sd1DY06RCfhQcdtcBvld2OY0DYKUYqPCE232dLZRKKl2gTa6OFgO4Hok4RappBufdjlMRG6g03LQfIKDxwbtpElJ+48qYiNjGt9loHgAFFQjHpDbb7GNpsFg1o42AF+aFCK6Q22yvjczp0i1r3QXmBv7zwF1DJmhCSjJ8volHHKXR4t0hZXxD62LLHGkXWcbdjZkAwSNMbBQc7bPeaXJp9NCGmtbq5S559fqDcBmDWC481TkdluaDlyi43pM3+A+gVNNmCWlm+mEsD0gY623iPnshxa7MmbS5481YQzLGA0Kmk302I70Y68SPzKdJJ+PGLXqY/NMMWOpPqMLNbAWuBNwOII48COFlHNGbnI5HxOTerm5e/8AgfUrifxH2gFoLA+J33FrrFGDS8i+tGJ/MNYPGSxpq+zJpv7gT2XeR/xLtt0lfyPf5MdTah819/mDc1bUw9R0HkJ4OY6b+5GSVRLk4Zsa+6YKc2pqi7wO+977G6qbmnXZNSlH04CuXtcHhzxptDRx9OQ3kq5SdOxzmnBpfqa5lmgnu9E/Q5MuWCc3ryHv5wxvhN1XN1Ez53tx0VsDjYWc5zNLl2NEc1TksomuSTG45jGmm2S921iA0TO53UG+KIct2dy0FVqJCbNJggRBSuUJKSKJNMPU3WXdizOSAqQHQmB1AHUAJACQAkAJACQAkAcJQMy/TLpSMJTIYQa1tILXFsSJkjjpm0pd8I63wz4ZLVTUpp7PVpq/0/UyFX7SMQ8tFOlSEe1Ooz4XED1U5bV6nZ//AIGmi3um2vTpf65+gPxOe4+odX3oNEzDTpA7rDbxUHlgi+Gk0GNVsv58gjMOkuIPZqYgVIkbBxE79qFmyTwzav06LY6PSXujCv7r/DBr8Wazpq1HOPeZ9OARCEH0bcMMcFtxpIr4sAG2yWao0WTVdj8JQ1RHFWQittjSVWaLD5dAAj4qibsxZMljsZh4pP8A+0+FlXGK3ozKMZZIt+4ayOjSxeDbQqxb2HcWPGxHrstGWPLo5HxbS3kckY6tlrqb3U6rJewwZdbxbEWO/mFzMknF10cLw67DVbCaqXWsuyq3tDkSPaHz8F16UlT6Pdxy+dRfaB1Goa9E0CQajJLCd7X0zyKg4NxcS3LHw5eJHr1/cF4fAVqxEMcIsSQQLWG/FUPdKkSWVUndGry7IW4dhqVXXAk8gN1pxxUVSKMmq3vZBEtTFuqN6z/d0xtMdoHieQ+ibZnlFQ47f+CLA/jFwc3sRA5nv7lFclOSKcaYLx7Th36SJ/hPAhZskXB0cnKvDdCw+KqOO8DuVTbZRuD+BpudEmfkkQbNNl2HhKimbD2HZZEo2qKWXsKbLqQVIrfZZCsEdCAOhAjqAEgBIASBiQAkAJAEdQoA8M6d5kK+LqFghrTo/wC4s7Jd5x6AKSi+z3fwvFPDpYxb75+V+hnIUWqNxDWeTxWTLIi0ViOSypW+Cp/kPpUzPtAHlv8AorYQt8PkIqW6ront+efEEx6Kflv+YX1/7JQyLsPvVssUkrxssSSXlC+VZ6WnTVu3nxH1Co3W6fDKMuHdyuw9iS1zYsQ4eMgpOPJiUXYDy3GvwbhquwncbfpsFfGSlwy6eOOZUzR47FYfFaajnlrgIkQCRwnwv6qGbSb3bONn+ESb4M1g2YrB2eNVIcQZAm+24CnCMo8M6sNuTh/ox2NwJJFfDE8y0bg8x3dycoSbtMthl/omEsH0wAZD6TjUjhEE/Ee9OP5lMtLcuHwXmVamJaC9uhm7hPL9/wCqmQ8mJ8O2Nxbm4jSymew03jYkbeSi0VpNW2XqVFtMfBSSIu2CszIf2HMqPkz2RtHGT8llz5ItbUzFq8kduxdl/A5ZQa0vc17GtEkuGw8lkUk3RzZSoMYLF4QCRVb6H6K5QKJSsK0szoDYk+APzhSUGVtMsMxpfYDSPeVZHGrsTVBfCGy1RKmWwpiHBAjoQB1ACQAkAJACQAkDEUARVUAfP2fYV1KvVpv3a93mCZB8wQfNX9o+jabLHLhhOPTSBdVyz5ZVwWNpFYrHW6XPRU2R9aNgot3wirxV0RyXGzgCE4wfaKHJzdRassmsIvurJOLVs1+KkuSE1C24KpjOUHwVvJXmiWG1g4ciFZJrJG2aIZVPvsPdGcVqJov2Mlp5Hko45N8Mz6hNeZFvMcsdJAbP0UmqKVnpAnF4QUoDnQTJjUBHqnHNKKpswar4pnxNKC4+TIR0kr6YdfvI4clapv1Ru5XaFk2edVOqYmRHDug8FLshOfiBapnLKrJ6oPftAHdueSdMcIzvhgWq6qx9MVGvdrcWtptJngDAO/tDxUWmuwzZlhrdy392aonEYd7KH3Y0tW2oz/h+qU5OJz18Qx5X5eTR43oXixS60VWvMToIIkd0O9xVeSORq06MOT4nJy2xdfoWMH0QxjqesV2tJHshtv7Rn4LFDRX5vcxzypPkxmc5XjDqH3iq/Se1TcY9nk1tnG23pK0Y4QXoJ32DsA9xFxBFiNp+hVjVEaN5lLNQB7lJITZosJSU0itsNYdqsRWy0FIQ5AjqAOoASAEgBIGJACQAkAR1AgDy/wC1HJyHtxLQYMMf3EeyT4i3kOatxy9D1fwDVpxenl2uV/s83qNWfKrdneaIagKzu0iuaZXey1uKhXBnlHy8EFKg4HVtPwUlZjx4ckZbl6j3jmUNe5bK/wCpnGm0clW+UOLSjRMw7pOVWaIdk1Gq4OBZOoG0c1CO67RZkktrs2dbN9TZOzRMCBfjF73W1xtmGGBtK+2ZjM65rOBcIgQAOXfzUvBNUdOomqd0MOoHVTfBB06gAYOxmJCjKbZwM3xOWVV18itmvQ59Qz1RbefwtuPAEw3hZJcGVZeqkzmEyPq7DrWOjkR8QVPfRthrpr2f3+RewmWV24inXNRpNMENgFpAIuZuCfJRlOzJrJz1HsuAhj34lz2ES/S4OJc4EyNWwtFnFQbdGHHhcWzU1c6cWWY8uAFtQi3iYUbkPw+eS/g87ikNZcC0XABPoG7quE5qKTsjLGrtFHLs0w72PqOoHXUcSSbEDYap2NtoV8JxSqS5KJzadWZ2hlgxmJqtoU/92QKlTU3TJExHE9/jum4O/L0Xb/LZ0YWvhXkAB4HmfQXSpxBPcuS7h+kdQEDq2eHalNTYnBBrDZ9U/NRjvu0f3lJZCPhl7+mjwY0/1yP8pT8QXhjv6cjdjB/8n1apKTfSDw2EcDiDVEhsAb3kT3FEZtvojKO3skp1JMREbyovJzSDbxYzHYttMF0zF7IeVISi30MrYs02B9UBoN4m4+RVi65Fx6ENHOabmh4D9J2dFj4Gbov2BcukSOzJg3Dx5JbkS2sdSzBrphrzHd+qN6Daxrcyp9YaYdL2jURBsDHHY+0Buo70uybwyUFP0Zbi07cE1O1ZXXoD6wZV1Uy0OBB1Bwtp2MzwTU0+icd0GpLh+h5B0wyCnh3F1KoCwmdM3YDtB/M2eO/xUt6lwex+H/F45v5WbiXv6P8AZ/f5GUqERY7KuSOpOSfESBzRG4EKucVS5KXtrsggg7SN7/XiFCK5qjO1JS4X3+w6rQIuWtHmfgnKDj3RKeKS5cUv1IKsBVPsqybYompsm5U44t3Mi6HJL1rRYKW6MeIlu+K4L2A7Tmg7fpb5KxcRbDJNrG5Bl+HpmJiyrWRoxxzyRsH1Dy34pWeYUCPX+/3six7EWaOJeLBxjxRYNRJusmZaw7TLY97YUiPK6ZMxlIn8zf7w9LH3lITlImOBduyHj+Xf03TI70RMF4Nj3oGytjqDyCabtLiLjg7z/Ke9Jx9SmWOLdsxuSZj91dWpVW1aTqlQuBAMGSSBItaTupc0DRtuinbqzVAjSC0DcAEyXRbUZ8rKDavkaW1WjV41jcQwNpjSZ8xfl5FSck+ERSadsBYzLWtvTqipFiBuPSxSr2Gp+jK7DATJF3o1g6bprPI612wEOcAdu0Z9BGylGaj2VyblxFl3H4CvTJLaw0vNmQGkHiReD7kZb7HCSfoCsRiqmHM1GuM8OY7jtKoljfa7LbT4BmZZuKjT2urcNgXtm2/HijHiae5i4MhnPSGqYLj2RMgubDrx+V3JaFHkqUUmjSdHOnYxFUUTVboawFsaREQLRyHyRNtIlCHmbPScPXp1RA06AON581GORN0QlFoDfdRimvdS106QJAcHQXFt7Dl4qTgpDctjpg/D4lp006WpzmtMxOoS4OJcGjiRx8lQ8W50ScoplrDZ22qNLC7UOMENEWuTtfhuq2pryljht7GvbWY/q3FzesEBw/hiTMjxsrYrYqZKlKO5FbNeiNIU9VUvcxzg6oAQHOtAm0W4D/VWbpRVktPlan5HUvoeP43BtZVqtYDoa6GzvHCVfBb+T1vw6Ty4nJ/L9SmTpMkSjbtfRob2O6sp1azpsAFQ274VGOeWTlxSIqrOLnknuJt4lJp9tlGSPrKTf6kD6oBim3UeJO3lxQlRlyZYp1hjufu+hr6tU7tPkhrd6hLLqvWP9i3lmHc8y4eA5lOOLk2aHFkyPdPhB2pg6nZazskXc47X2AAk+6ESfoQ+Iah7tkPQJ4TJDpl81CeJBAHcAHeN1D5HKdt+ZmpoY+kQTr8xfyhG1mWyxqaRM+5INyJadMHYygLRIKX810yL/IkDOaYmWKTnN2PggrZdpY8OhtVoPfHz4eqYq9hz8Kx3sOiODtvIpit+pSxeBm1Rgg8xbyKB8MkyXo1qqCo17mgTABsfHuUK3OkDkorkKZpgsNZj6jtbSHOax+lzu4hse9WKEU/zK25SX5Aah0oph5o4djoIJIf+UixkuMg9xU5SpcENvHm+0V6uIe4Ha/DcRwVVl8eEU+j+aVcNWLarPwiOy5ty0zYERt3qGR9P2HsTs0WIbia9SaReyRapABDYmBr9nc3AKeNuXIm1CNAzpy5tKi2m8VKhB1dt2vYRM+cefctMuuSMOY2zC0cdTJl0dzYt52uk4v0HaCdTCU6lP2GXt7QJ8gCQFVzfZKuADhujlAPL6bn03ji1h+anJuuvqKKSd2H8NnFXDUjSc4VWGRJIbUAO/Z5XWSWKTdxLW0+wdW6cup0eqcIeAQDfjsbW5LTFWiiUUEeiXSrTSeG1m06rjNSQDPAEEnbwT5j0Ekmo/kXui2azXc4tdpc4EO09lxGzhHP3wozvsnHpmo6QZk4tDtUuaYbpEG4M+6fRRlukiWOo2vcp1ukLTR0mC/THae0SY3N/kqlGdUxpU7R5yzKqmtzqlak4uMkNFQgdw7N/FaIPZ0atLq8unnug/mvRiqZAXbFx8Gn/ADQrnmT7R1pfGoyXMPr/AMIR0Mc/2qjgOWgf+RVLlycbLqfEm5su4X7OAby53i0e4GQo2D1S/wDKCVP7MwSC41PDVpA8mwE7ZV/F5L4k18uAhR+zdjTMSe9xPu2RyS/j827dudhTCdCgzYMHgIKORS1+eSpyZYHRUNOrTPuKVFDyyfbJzkreRHiExbmZuplrQ4O0ieAA2StkrFo5qI7HU9QuEBYQk1GjgR7wkFiptcN9kBZJqKdhY5tQzunYE7KiAonpY1zbbjluPRMi4hLDZhDCGQDBjeAbxPclXsRcb7B2BzQYRpD6Wpzu06td4JO4cRcee6sTrohkubuX2jLNrUcfjdTKmgC1QgcBJ2/MbRx2Q+ewT2xfAfzc0abR1LnGCAS8G4kAxYSYJ9E5baCEpN8mlyvBUhTBd2ie63w+KjFJLknOTb8qJ6easDXNiNJg/IlQ8VRVJCcG2eSdI85+84qKTtTWPdLjdstkRA3G6nF+W2SpLhFtmMcy3VNd/wBrHD3FyadjaLf3h4bJoNPGHW/vGQjj3CiQ4qjo1VKLLRYaX34bCIuj5MKKzsXS/LSotvBLmgxYmSBEctyq3N3SRNQB9epTdMYZkg/mo2PeHAkX7/VTTfqLYiZtQADssZG5ZTY0+cBRc0Ch+Rx+JNRpLXvc3vP1Rup8jSKLq0QW0dXcdRvznn4K1RsTkybLKWMrO/Bw7R3lsAebihxS7ZFzZp8J0ZxpHaq0W9wZP0UKiR3hKjk9end1OnWHHSdLvIGx9UbUG4O4XA0wAdETe4v5pUQbLQpgbAJiOFAClAEZxAG5CVjpkL8zpi0ye6/wRuHtZXqZmZ7NFzu+APilY1Ez7vBRsmUMQ26Bk1CmIQIL4CgOSYi66kOSKERtw7TNkgsGYiiATCQ0yHrSEIkWXtGkGFJDR1rtOyYCqHSbIEDXZRQ1h4pNY/8AiZLDxOzCAdzuDuU1JhtQzOsja+Jq1QB2gAWRPM9m+6aK+E+A5kuprQzrHECInSSPcobbJt2VsZllMPc52p5dMlzneGzSBw5KDSsabaIqOGpsHYpU2R/Cxrd/AKzcwSRSzHFmnpIEyeJdFtrAqS5HQCxWPc8mzRwsI790VyF0MHabDgCP3sl+YrLOBy5hadx++9JybYjowLO/1PwUmFmdxVcmWQAJi03Cmsauwtmsw+DY3CktEERf/VSl+JAyTJ+1Ug7Bns8CeZ70pKlwDNd0Wb2HeKU+yOQOKJWRueVEZFVqkJNjSKjsY4HglbHRAcwfPD0RY9qJsOTUfDnGOQMfBNCfCLbsGwfl+fxToVsdSoN5BFCsmLQmB//Z');
INSERT INTO `photo` (`photo_id`, `path`, `file`) VALUES
(8, 'promotion1.jpg', 'data:image/jpeg;base64,/9j/4AAQSkZJRgABAQAAAQABAAD/2wCEAAkGBxITEhURExMWFhUVFRcYFxgYFxcYFxcYFRUWFhgWGBgaHSghGh0lGxYYITMjJikrLi4uFx8zODUtNygtLisBCgoKDg0OGxAQGy0lHyYtLSstNS0tLS0tLy0tLS0tLy0tLS0tLS0tLS0tLS0vLS0tLS0tLy0tLS0tLS0tLS0tLf/AABEIALcBEwMBIgACEQEDEQH/xAAcAAABBQEBAQAAAAAAAAAAAAAFAgMEBgcAAQj/xABDEAACAQIEAwYDBQYFAwMFAAABAhEAAwQSITEFQVEGImFxgZETMqEHQrHB8BRSYnLR4SMzgpKyFcLxJEOiFhdT0uL/xAAaAQACAwEBAAAAAAAAAAAAAAADBAABAgUG/8QAMREAAgIBAwMCBAUEAwEAAAAAAAECEQMEEiExQVETIgWBofAUMmFxwZGx0eEVI/FS/9oADAMBAAIRAxEAPwAPgeH4aIYT6zsfDw8eRq28G461r4eGuR8MAJabLGUgwqtJEiSpnwHnWf2bxBGu0TqSNO6flHSOew31qyDC/FsgD5gddgf3TvOv9+lcuE32PfajTQaqXT+37F7e+zEIskkwo3PMD5oOwY78jRbC8DYCXbXoNQOW512/E1A7DZyly7cVVM5VAnQACd/TbpRtsWZpyNNWzzOeUozeOHbqCeM9mzfvYa4W7ti5nKESH2jXlBFWQgKKif8AUYFDsZxTxrdpC+zLkpPogwL9RuKm21pluEBGBUyQBBEHU1WMZ2gCAknQAn2rPsZ2ia65u3TmP3VOqoOgH586FPMooe0vwyeWVp1QJxiLbdkBtaMRIVrhMGJ1lfai3YolsUkm4cgZx3QqkqNgJjn4UhrIvqSmjDppI9KVwjgl224vByjCQDMnXfff2pSKp2ejzNyxuLdOq5NL+OJgwfOWOVjoco0ENpJ5LvRXh+OUaOd9NSNx0A6gE1RsFevKIuHMkESAFIB590DbwiiBxB1jc6mBEssbk7yIHpTcchwM2k7Bx7Ni2+dFUMzTOUDeI8dNBTj4uDVRxOIJ2PkRJMH+I+M+wqTg+KC5oTDjcdf4h+tKtyBRw803ZaBxlhpNS8HjZqqW3k0/xHj1rCWTduHbRRzZuSr4/hvUjN9ysumilUVyB/tGxVo4xAxkpaBK8jLNln2PvTHCcarqwIEEVm3EOKXL9979w952k9ANgo8AIHpRjhvESAFmJ0np40tKfus7un01YYw8D+NxTo1wo0KAqsMwBYMxMAfeHd9NKb/bmkd5ksPcOV2UM3cHhEmGEgaa1P4nhFIW5b+AYIPeBWY1hs0KQfGq6QB3oD5laVAYC2xkDbTTQxtQ23Y7BRcen3993+xbsBi0uIueFKqSDqC4J2nnufSauHZ3gnx0+J/lWWAEDe5ESdtBIrKLV1tbZYu8KtuHDKJ1y/WIGxmt6W+Ph21GwRfwFHwq+pyPicpY0lDu38iLf7J2WTIBpMzoSfA+HhRtyqAChJxpXnQ/E8QM6mmN0Y9Di+lly8SdpFi/axWYfalaX4lu8sSQVbxjVfxNOce493sjNCDcSRnJ/hXvMPYTvNBWt2r2hhD93P49LS/L60GeW+Dp6P4fLG1kb+gc+zq+iYa45YAteIJJA0VEgfUn1q4YPii/MrBh4EEfSqJw/hNm0oBGbnNw5V8ws6/WjhtqEzW5kckUBT56VIzZM+njJt+Sy3L1nMbgUZ2ABMCYGwneNTVT7aYC1ftM2UC4oJVwNZGuUnmDtSX4hloDxTtGC3w5gfePPXkK1LIq5F9PpcjyJYyxdiCFwVkCRmBY7FpZz31GoA1IOnKrDh8blM6DXr3Qx11JjMCWHLeqJwTivw1W1M2iWyMxjKxlirnmpk+X4GbHE7bmLbq0TABExqcoXSNhBqo5FQfNpJbnaLuvE7Z1y66x1O5Ig+XOpFm8G/XTTU9RBqm4V/767xAlm6iDpNWHh7nSfflMbqNepo0Z2czNplBcDHEuzODu3GuXMMru0S2VdYAHXwryk4rjYDsMrGDykivapuBqOPUUqv8AqYQHnx/3Hfuk8hvH0qx8DvXHZbVtSzNoFWJ6H00/U1WYk/2PPQ6k9R9T0rY/s7wSWMKt4AfFvjNrGiBtACBpoZjqaTxQ3M9Pr9T6OO6t9Egj2ewOJtWnF0AEnNAbMdVEg8p05E71IZjMc4kjppOvTSpdjHmddRsFOjaNBaSdRqP0alh7R707HWNyQcsGKdUVXB5Weae5ykuvggpgSVk8/lOpERIJGn40J43gAAShg9CZBo/iMavWBprpBk5cvnMUMxoLAjw16ehqSSokMmROzJ+P4toZfMGq0TVu7UYKHOm4/t+VVG6sGOdJZo9z1Hw3MuY+eUTeF44o1WPB49nI1qmIdaP8KxAEUOLHMsb5ovaXv8IztFe4a1KrO8Aa6wQJBjYaSfaqrjuNGAqgHwO3rTR7QYltAVX+VenmTTCZy8uGXRFuxaIASxgRJk8jvp+t6pHG8dmb/BJEH5xoZH7vOk3We4Zdi3PU6Cd4GwpS4WrcgePS07bJOC7WXkUi4gdgNGByyf4hEeojyqt8axV3EP8AEutJGgGyqOijl+NGnwlQ8Rh6qwjwoDYfDPGiFh4GT7axRPB3VU6XXtnmCsj1j+lJSysSUcQfnQ7eYP8AUU78ZiIW6lwfu3AJ/wDl+Rpeb5Ojp4VBFt4YRdt5G+FcHhAPsMpqQnCcOuwuW26gmPrB+tVfDNGjWynipMegMj61auDs33bunRpH9RRIuxfNFxtp/f3+gN4x2fLDMrodZJygOYBGuktv16UV7C9ple2uFuGLiCLZP31Gyj+IDSOYHnU7jV0C0S6aASSunrppWS3c7EFiTAAHgBsB5URLa+BOcvVx1P5G3XrtB8fiYqk8O7VYm2ArkXVH785v941PrNTL3ae247yOp8IYe+n4VbYGOJxImOJNxiuaTvkAB2jvXD8o05VDt4nIe6yqelsfEc/6zp7Go/EcepMqM2uzAx6waVaxGcdwtpuFCWlHgW5+tAnFp2dfTZlKOx9Q3gsSS0sI8bhlv9v9jR7GcXRbJzsSukkCFE6ch+VUvCOFOmQeU3G//WvOK32uQMzFRyY8+sDQVcGZ1EF1/oPca7VqQVtAnxOg9tz9KCW7xZQx3O/nzpu/hqTg7bQVCkgayAYHh+vGtZFcRfRv0svPdFn4FxCFyFQdedW7DWEZDcIysokEaa1Q+CYW61zIBBBjvbTz12086vGJwWINgm26qRqJE6D6GSCNqqCYXPKLdp0GbeKRFzuyqBqSdACRuPDvHc0Jx3bA3Jt4aQv3rh06yATy8faqVg8Pexd9bUvdctGa5ORI3OUbCtQ4f9nmHyAXWuMeobIB5Kug+tFi5T/Kc/NHBp2nmdvwU9sYnO9rzhWP1511E+KfZniDdc2r9sW57oKkECBoYnXx515WfTmMLXaWvzff9DsV2HsJfzgk2oJyHU5pGmffL9fHWrNgnT4QRR3B3SpBgjLARNQBsNPHxoPj+IsdJqFw7iRtsQRKsRv90/vDQ8qKtq6HNk8uRL1HdFnbEzOusa6gPbDLsMo11HX8BTV3Fk6zEgw0RkUgHvBjvI6fnURrmg3ZQdN8xOaJkkSv610pgXOczqJZYkkErlIA5VHI3HEgrYxJ+7Amcsaq2aGzNA01n38aJWlny10PM/NINBMMeukxmP3TuIEnSk9oe0C4WwW0zkAIk89QIjkNz4DyrUX5A5ce51Eq3a3idkX7luSSmh05/NE+oHpVGu2yzFuZ/UVKtKWJZiSzEkk7kkySfEmpiWKC3Z1cWHalQMt2STtRTDYUxrUi1YAqQooWxDzyzaoYFmnFtU8FparWgVCEt1IRK5VpwCoSht0ofirVFstMXrE1ZTRW/laczJ4r+eo0r02y26pd8U7r+oGvuKJX8DNM/sMnvKPAjut9ND7UOcb5QXDkUVUhXDGVTC3GT+F/7ae4FWfDYrIuYorAfeWPxX8xVft5xoTmHRgG/ETXW8PrNXFNGcjjImcXx3xdFzAHeTv4acqCthKMparx7NbBbUBDhqScPRdrNI+DUsm0C3MJTaYDWaP/AAa8+GKlk9NEO3baNSY6bD2GlJe3Uwim2FUEasgXbQojhsd8O2EtrJ0JygHM5EqGVt4GYaAj3qJfWoS3PukqOSltInUtmEa6AayNaqV9iQ2X7iy4XjCQQoAJkFl/dEZnKHUSI6bUZ4XxLuEnmJIGo/hBB8R9aoVzkTtAIDb5B8qq4GpIJ5DajfAUe7cFtjrqWnckfNldTrHdO/PapFuy82KG1tmqdncBh1t2r5VRcySSBBOeCZ+m9Ef2+WhRQTBlmIQafkBVgweChUDLB0Jg6Bh46E05DnhHl89KTlN22PLeMbGup8WwdZYeG35V1Er9RLcvBllxJNKt4TrSsHirdxc9tw6nmD+PQ+Bqvdou1aqDasMpbYvOi+XU/QUod9xcuESeI8d+Fc+HbysFBD/vLMaIYMHQE6EbUQwHHLN49x4fUAGQRIBkqSA2o5T6TWeYHEQ0l1/2kn3y1YrF9OT+y1ncMrDSpFuxfElsoX88qiO+TDSI8efjWf8AE8dcxFw3Lk8wqySEBMwJ/X0FWrAWlbd2P686E8cwqrdkEmRrPhVt8ExRW6q5B1i3UxBTdtafUVgcSFKKcUUlRTgqFi1FOKKStOKKhBQFLApVu0x2UnnoCdOte5aso4CvctKAr0CqING2Kba1RDBlQ4zfLBB/1KRP1rsW6sEgRCQRvszRrz0IqzDb3VQMbDkRIiRI8R1FOjBOFz5Tl6wY3jfz0oljcQrgAKRlMKZnu5QIPT5QfVqQ+IJQIABCZWMakZy8TyEx7VfBlObS4ryQ0wzEFgrEDcgEgeZ5U0y0QtYvKgUAZgzGTOmZVXTXfQ7zypGDvBM0gEFdiJBYaqfQ/mOdVwauXPAOZKQVqTcMkk6kmT600wqrCDDCm2FPsKbYVVkGGFIYU+wpphUshHdaG4yxNFHpg2yxCjdiAPMmBWkYmk1yNdnuz2IvGbZK2wwJJGZSRsAh0Y689Na0rg/2c4cZGc3Cyd6c7LuIkZSIO23SrHguGW8PatWkUrA89RBbMdRqffWnsPjjEq6sGbuzoIGjDqToxpmONLqefy6vLNNQdROwPBSp70OGkGR92ZB8dAPxopjLgUcxMLprqdAY9ah3+KlQxykwNIglusChN/iHejOQEWWnYgzBLEcoOx863aXQUWLJllcgrc4taU5WuqCNwWANdQm1iTEsVJ6gaRy5nlFdWd4X8PEwR+C3lBh4zAZspaIPJo/DWkYTB3GMZQN4OUkMRppNHLWNgnUAAaySRcIflA6EeHdo1ZuID3Uhzm7kHuiJkT4T7Urvs9D+G9N3QJwvZy4dBAeToUSIiRqee9P4Ww6NldkB/l//AJqz8GuDcarKyYAaSNh4b+1Qu07hXRptgkR3hOgO2gMHzqmuLNY5vftZNwWICLJuD2P9KAcVxXxLhObMBoD+NNXscxBXuR1VQPYkTTAqWbWOMXYY4DwY4gnvhFUgEnU69BRftD2YWxaW9adnWYeY0nQERynSq72fx7W72WRlfef4ZI/OtIwiresta0yOh1B2J2I/GixSaoT1GXJjkpp+3wZwtGeyyq9xweQWD0kkn/jFCL9ooWRtCpIPmDBoj2Rw2dmOZli4nymJygnKfDvVhdRnO/8ArZbe1eGsnCm6qKrK6icoBMkAiemv0qjXXgVde3N//wBNbAkZroEHnAY/9tUjE7VrJ+YX+H36PPllw7JY0lFAOgga/dYjVG/gbcHr6ChvHVAxF2JAzbHcSASPeu7FsSvIz3R0YAtNpvH7ynx85lcUwdy7inCAt3UMnSBlA7xPMRrWpcwQPHthqJN8Kv8AAOwzhWVmXMAQSOo6UWuNdKq1u9eOacqKpWACQScjQNQeXLlTNzgN8DNlDCJ7rA6VEsYp0MBiIJlTMTsQV+lYpx6jEtuX3QabXz/8JmGz3R/iAMu2fuh1iJI5uBIJGunSovBr+XGG0wByg+OodFP4mljiRUqIRRmGXuA5CSBmE6ztvOwovwvgmHS78fO7MRGpWNSrExEzK9a3FW+AGaXppqS4fRId7aBBZRwoBDxIABgqxj6VC4f2gt4fDLciViWAAliWywfXTwirVi7Vi6gS4gYTMESJE6x6/WgfatcHbwboLdtdVAVVVWlnAMAQdpPpRXGnuOfhzRlGOGcW1f8Acc7P8dwl9jbt2csjMQwBmTr9TQFsChv3QozIjHKsxJLQFLclGpJ6LUHhN9bKkWZlvvHf0r2zfZCTAIYQwYSG1nX11oU5p0dLHpnCUnB9fLJD3sRmyKWWBOWyIGWAcwyfMIMzJ86XxG6FTK9x7xdAULoBl70ZsxYtIykRoPOmG4k+uihiMoYLDKsRlUjYRp4VEfO7fedvVm/rQ78BlidpySSXgiEU2wqVfsMurKy+YI/GieFwdg4Fr7A/E1ynMdTnyqI2/wDFZUbCzyxgk+tuuCvMKZuVYMN2ZxDjNCoDtnbKTO2gBI9YqHxjs/fsLndQUmCynMAfHmPaKvZLrRS1GJy2qSsBXDUb4+Vg37pB9jP5U/dqBiDURcmbfc4ktxPiJchXCqhYd3M3ykAxmksOesUi7cOYEhWyiQfvB4jQHYEHeedZ32H7WfDy4W8wCSfhs3KdkJnuiZIJ6xppVm4hiIBzIAXaXKtHy/KzNoToqj6bUxvtWcVYNstoQa6O6IZCZcwZAJ1Ks2o3bbw8Ki/HJEh1bMZEj7ukgDnpPvQo4m8+Y2w5mANAQDtIGkzNKw2OLMQVGZRsdGDayNduVDbsZjioJ3cTdBhbYI5HPH0ivK6yAAABHOPE6n6mvKllUvA5xH7L8OyRbu3RAYKHbOik8wBBGvjWfcU4Rewt34WIByyD8YBmDAjYEkA6g6GDpW6YO7yoT204F+0WGQKGdSHtztnXUAzyIlT51ueKLVxQvpfiWWGTZllaf0/UzXhuMyBWMAwMkBYMGJb2NBeOY34l3+QkEyCCZ1IjSNutaBwz7OFCH4t5izCGFsKFGoMKWUnluINNY77L7YBNi84bkLkMvlKgEeetDWOVD89fpt1J/OjP7VPgU7juG3cPcNq6uVh7EdVPMUhawOxaatEW+CCCNwZ9q0LstjswAgC2VBGvPmPQ1RLySKJ9ksSAxsttOZZ89R7wfU1cXTA5obotB7tzgctz4wELcGv8wH5iPY032HwmZVeWEXGbQwG+7r1GlWXiGF/acM9siGElNeY2NROymBKW7WYMrIplfE6mR50Xb7rEFn/6HF9VwSO0l1GuWFdAwhmyty2APhudamcLNtYCIFA5RqJ8Tr7yfKgPbDDPfZhbzSgQEDeILHb+YVJ7KYe5btKt2ZBMZiZCk6T08tz6VpP3AJQXoLn5fUjYMgY3EoB/7hlR94d15WNnXNP60lcQvMMTC6lrSsShAYqM0OAAScxUKR51Bbu8RxAnQlHI0zL/AIVsC4o8CNR0PuQ4lbzX1A0b4QbQsJKsxUrG6seU9ai/kIquLfeP8CcFcxYcvdUKhgse6BoIVTMkAz0mnOLXTbuWrwGV7r20ujUrmzB+6xGumYegqFg8Pjbjku4shdWItg5mMKqsJ13+grsfw82gme+9wi9mRCttULlGJIyjMRLRqdCRVpuimo+p2+V0Ixf7PecPeDQR91surXyqNprtJ8lqTxHhrALicPec2hq9s5SMpUkMDGaRKHUneqt25wQD2mGuWyoHoW/Hf1q1dlLuazdtk5pUnz7xGbwDPMfw2xVXbaNTTjFTT48foTu1tn4mBuL1yH2uIazTgmCRcQFyjby5gaR4E68hJGoFapeU3MGwGpNsQBzIAOntQThPY4AC+9wpcb7kDKBmBGbnOg56T1E1TTclRnBlhixyUnzu/gj9o1W3YskCJvIp0OoJG8aAf108C/D+KE2srd4MhMAhpDCF0PUa9NKEduFIw9oSR/6m2NDGsnXxPMepO9T8Pb/wXcjZGYSo0yL3YI/i7wnrVviRaSlh93kXhOz+HcR8S4G21gbDU6jUV7eunCBreUCBmB5PO3i7GNtAKpfYfEXUvuhdzJQatPzFszd467Cr92oLj4V62O+qvpklyvd0Xp561Uaq0TLv9VQm7T8+QVwvj1y65tvbJUjUEZ8wPUkBUUeWvKg72Es41bYJNmDdtrLFAxMAeQLEzRDh3EsZic2W2mRYnNcKrJ2zEIS58KGdpOG4k3LROQ3iGyrbZmMCCZBVQFg7e9STuN9QsEo5HHheVZZ+PtfTDm7YRrrkjRdTB3chfmEAAQJ1oJwbtNb+E9vEkqSCjW2DFgCMsCBMaTqOfhUez2jxeDVf2qxcRCQA4AZSd9pBBhTsT61aLF3D4+0C6hww7rbOsj7rETprM+ta6vjqAa2KpK4+V1Msuih+IFGuLYQ2rr2iZKMVnrGx9RBoRiKWOu2mrQJxAoxwPiF9UztmuW7ZAAaWQTMA+xgeFCb9SsEEhQczZlPdXQh5YKOeYbH1ipNtLgzpoKWXnwW+x2iNvNbNwd2CoXvKxbLMMNtPwipOLeTavomjFVJYkCZUsQwgD10E61UEuugDqFRrRyk6ZyzZvmVt4gjbSrHwvGIFNuTc/cgGD1JU67fhWIyb6jGTDGPMV+/39evkIYji1vMe9f3jugZdNNJrqkW8SGAK20AjqOWhOpneuolyFaguK+qL5YxMUVs45SNaqYvU9axBo8Z0cLJpVItfxxyr1SKC4a/RSw9FUrEp4toA+0DhK3cKzx37QLqecDVh5ED3ArJFrbe1GICYW8Tytv8A8SAPc1iaUvmSs7vwiUniafZi4qI0o63BupB845VMFeXUmhHUkrRf+z/ERcRXjkSBPI0WwujfEIMxtP5day/hPETYMlS0TljlO48qPL2rYzktkMViWOg8QBvRYzXc52bSuT9vcWO0ai9deSsu24OwMDbwA/WlSsL2nsliWYiI7xVu9O5AAmPST4Cq+opZQdKwpsZlpINErE8ftHGNeBZVKplbKZDIGHygfKQYI8fZfGuOK7WXtqSqAkiCCrSCApMSs0Hu2RVh7LraYd5Axk7gEaQYE6bb1ak3wYlijiSl44IlvtRdjZyVU5WJAliCO+qkAgaf2obZ4mzXs96FVRCIinKsksxAHMtBJ/pWj2bVkD/Kt/7FG/gRoTOxpGI4PhLk5rSqeqjIR46eXiDRdkn3FFqccX+Sv2KJ2o4it5Q1uZCQZBHj+JNWfs7cCfFyxohjyRLaoPLvE+tC+NcA+CQPmRvlMa/ynxpOE7LXIzBAJ1AJUEjrE1hOSk+BiaxTxJbqRM4Fx9FtqC4ECIZgCPAyfwprinbJMwS209X1CKJEwSJZvIRT+G7IFvmdUMAxBJE/rfah7dl8967ZVlm0QCWkA5hIiJ5VKmkDa085t3z1E9qeJWruGtqlxSy3kYxBgDUnSdJ6HXqaKYPiln9ndQ6f5ZUAEgwFMCPP6UM4h2XuWLfxHyZZAkNO/mBUrA9k7zoGQ24YAiWOxEjZaj3N9DSjgWP83FgfsnazXrrQNPhqJUtqxfpqNPxq29rOMLYbCyxAIubSVgZAM0AkVUsZw+/hbzILmVhBOQnKZEjca6HpSsdiLl7L8Vy5UQCQBA9BWVPaqNy07y5I5L9vP1QZvds7WXRiegVSCfLSEHqTVXuccuHELffRRK5Rsqmeu+upNL/Z1FNXbINU8jfUNDSwh0Lnc+BjMP8ABuuQMwcMpEggRMNOkEip3DbOHwdrRstpBqWOp5gRsSSTtuazhcOV+VmXyJH4V1y2TGZmaNsxJjynatLLXYFLRXaTpMVxjG/Gu3L0RnYmOg5D2ihi4Z7hyqPM8h4k1JxGlFcGQlhSFkuNBzczz6KPrHsO+4ztpKKKzi+FMATrHLTVj4DkPGvUtMlrIzhQCXVYkl+6sZgNDGupjSp7YxsxggkfO/3EHRfw09OtMXMZs6RCmQzKDmI/hOnpWbtG4weOadDnBODXMXdCWLZcshzNcMKrR3nzDkCQYMkzsau3/wBusXbRWW/bZkEAKCp1JJGfnud6f+y1hbw94Kwab0SJiPhoRE+JI9KudniGWi48cdvJzdZrs6yuOOqX1KHa7MYgiVttlkgZiobQkaifCurQf+sr+6K9rXpQ8iv/ACOr/wDlffzKiLtF+GYAuMxIVdpPM9B+uVUy9joq5pehQomMsAbMRG3IKRmHjpVwS7mtQ5JVEJnA5RmUlvDny9t6fw90AZidNNd5naKH4LiSrqYynUx8uswwMd47TU63jLU935tfEieXgDloyo5s1Po1ZUftK4k+RbIVsrEF2g5dNVSdpJ1jw8az9a3W5Zt3UKOoZWBBB1BHTxIisU4lhPhXrlqZyOVB5kA6E+kUDNGnZ2PheaLi8aVNfUZFLFIFLFBOsd8MU9bQCkClg1Ch5TS5pkGuL1CWN4ptKIdj3nMP4mHnovuNSaD4t9KIdimkv/MfHZRuOYHhrWl1AZXw0XLjOMezhmvIAWBUDNJHebXTQzEaHagvZ3tO1y58NwFPKNBGi6TtE/LsZotx8g4Rx4p/zHudKrfZTh7NeN0CFUET1YwIE6E/2o0m9ySEMcI+lJy8/wCC/Y1Q1lpGqd4aDQrr10Mc551XeJ4/4KC4+Y5joAJJPrHuSD4mjnEroTDXj0tsB7EAeH50ES1bxNhFZgrLqDEiOe3Ly08qJL9Oovgpdelk/gfEBdVbikkE6TuCNCPPyg/zUxeUriMQQYLugn+ZbSTp5mlcKwyWQLaGQNSdBMmZ8vceIpWOcHEuk9427bies6ekoOu9V4s0klkddKIH2pY0rhrVsfeZm/2rH/dRfs3cYJYE/ug+QssfxAqB2w4K+Nt2vglcyFgwYwVD5dT5FfWaN4HCZGtL+634W2FTa99g3KKwbe/JUe1jzi7vmv8AwWgpaiPad5xV7+ePYAflQktS0/zM7en4xR/Zf2PWakM1eE0gtWKDHFqQzV4xptjUIM4k0rhmOUobDnLuQ33mU7ovjM+h8KavULxKc61QOUnF2gnjLYEBlMfcsruZ+85319zygVAvgz3u8/JF+VPAx+Huabt8TdZDcz3nH+YRzGYn9c607sD2SsNaXE4i3o4DJabUZeT3P3ydwDoBGk7Yjjk3RM+uxQx7n18dymdjO0Qw15kuN/h3YDEfKjCcreWpB9OlaQ+I8at1s2oyC2oXaMoiPKIoJx/goS2Xw9sSoJFtYUMBqVQbK3TkTppMhr02l1OF+MjPJ7o1fzBQuGuqsWu2uDIB+KVnkUeR5wCPrXtDG9pX8dxzD/8A5J8AGP5aVceDcaXEWFuqfB9Ihk+8QNSdFMTsRVZvdnUvsjhhEDLqAFliSryNdyfWjXDODW1kWjB+8RlABLDVANtgNPEbVSkHnhp8sn3saZ319J/PKpy/o15h+LKsywhd5OgGgIadzoYJobxa0bbi22Yq0wRAlRocxJgefKoj8QtnuhVKruTpaX3+ZvPfxqOdFw0ymv0NAscftpa+K7jJoAQQS07RHPfQVRr3D7mIuPeAgO7NLd1RJkAcz+tKfwVuyf8AEBLgEHvmLakCO6p05/2ohhMeGeRNxuuyD06e1Rz3dTOLTrA5OHL+/v8AgreOwLWmg6j94AgH3qOKtvaZw1qWMkagL8ojn/4qoKay1TGsU3KNsdBpQNNg16DVBLHc1Nu1cTSGNWZI2JOlFuxO7+DA9eW8b8uVB79L4TxF7BbKobNG86ETqI86tAp2zUbWRlysAwPIwQYjed9dZ3p4XVEBRA5Rp6Dl6chWef8A1PiDstsejH/uqPiMfiLoh7hg7gd0Hzjf1o3q0J/hW2Ge23GxdX9ltNIkG4y7d0gqinwIk+Q8aCYTiV+2uWA3jJHvHPxEGvLVgCnYFCc23Y1jwxhGkO4Lj+IQsSitJBGpULvOwmT1kHzqJxDjOIe6t+QroMoyjSJJggmDvTjmjPYZVNy67KCAFUSAfmJJ/Ae9Wm3wZyQjBOVcnnCO1N6/cSwcOjsxAkEiBzaCDAA13rQMLg1RwQoEKZ9YA/OmcPiEScltF8RAn21qv9re1S20azbbNecQSPuA7k9DGw31mmV7FbZzZqWWW2MaRV+J4nPduPya4xHkWJH0qGWptW0pJak2dyKpUhZakFqQWpBaqNCy1IZqSWpDNUJZ42ulKv8ADG2BBPSai3L+UzUdsa05prMpUwkMW9WEuHcCzuouaBnVY594gGtnDgCBoBoB0ArEsPxs50cn5GVv9pB/Ktca/OoOh1HrRscjk63H7kFrV6i1i6rLBNVQX6etYs0VTo5mXTORY8Pw60ihECqo2AAAFeULXGGN66t70LehPyY1gOIMAEIIHdzW5YFoUnPqDA5/6tBFWjgl4yssCYXLqMoGphpHjVFsd0yCQJbLcIYFoQdzQmNwPXpRS9xsWE7wI1A+ECQ5IT5tRoJP1ikovk9hngtrb+/v/TH+3HFEN21aGpIJInKJnSddt+m1CrbZ+XxCv+myn4T9PWveE9l7+Nf4158gaIgS0AQIH3RHrV4vfZuxt5kvfEKjuo8Ik/6NvYedanib5Qlp9fixtxm6XYpdvFknLJutyCiLa+3LyAFF8Bi9gzf6E29xp+NBMXYdXay4bMphrVtcoBHUka+cHzpdjEBAZYIOap3mjxfl7+lBT5OpKKkuA/2g4oRbCyFnTLPeI5zzjzoZgLTXNhpQBrxu3ZC5VGgEyfMnqa2DsfwywlpWdA7MJg7AHbTrR1FydHMy6iGGN1fj/JWP+iNlzChdxSpynetkbhll4Kwo5jYU8eHYdhkNtGXoVFF9F+RD/lorrFmJzXhNFu1/C1wuJa0s5CA6TuAxIiecEH0ig00JqnR0oZFOKkujEsteLbpc12aqNDigClZqZzV2aoWPZ68z0znrwvUIOs1Rg7qSUdlnfKSJ843peeklqhKsU2LvkQb1yP5iPwpm1aApRakl6uylFIdLUkvTTXKbNyqNWPlqQWrrNtnMKCf11NdirD2/nUifb3FUXYktTbvTbPTFy7VlNicRJ0Gp5RvT1nh4I77lW6Zfzn8qZwriSzZwBsV5H18KebHnlfbyYN+RNZk1dGoblHcn1I2MwIXVXB9/6VoPYri/xsMFJ79mEbyHyN6rp5qaoBdm3KN5R/Y17wXHvhb4uBDlPduAT3lPTxG4/vW40I5m2+TW/iVIszUHC3ldQ6kFWAIPUGiFhhW0Anwiaq6V1LS5poD7V1EpClsw21dlif8ADOaZHygSd0BACketFcDwUX76Zsx1kgnMDlExPpQu/cMwT6XE1/3DX8KOdjb2XFW5GjZl0MjVTH1ilYPk72qT2vnsaFw7ABatPDGA0qvLep1MYRTMZUcDLhc1RO4n2PsX7/x7oLDIFyZiEJBPeYD5jBA15CmMf2EwV1Db+CE5zblDI2OmjeoIqVhuIE86K4e7NESi+wrOeoxqtzpfqYlxfstewuJFiMwfW3ciAVG+aNmEajny3rROA8PK20VjqAAT1gQI6Hai/aFklMwkgmPzqHh8WOX9wOpH+nSsqCixiWoyZca4I3HLjWRmDSOfUf1qg8R7T3XYz8QW0IbKGKB0OkmIZpJ0gxHLnVu7UXwbbTtHXl4HrWVMgXRggIJRizFiAw0aF/dHMc6BmbT4Op8LxxnFua5QfxzLcXPm/wAs5Tll5WZkEmCJOmtDVZtBBBJy66d7oZ2qX2fxumUywYZCAAqyvyCdm5HXX8asOFw9q6NEQZhMnvGRv5EnrWE7HsiUHXb7/wBg/C8BZvmuIPIz9YprF8Iyf+6n/wA/yWifE2ewciqrzrJUDfcDWIBkeldw+7cuGDaSD/CP61fejCT27uxVy9Jz1ZsZ2du3CALapruqxI96n2OyaAd60zHqWcfgYq0mYnlgu/1RSs9eF6sHGOzWXW0GH8LGR6GNPWaqzvBg6EaH0qUajJNWPl68L0rheAvYh/h2ULtuY0CjqzHQDzo/iOwOOVc2W20D5VfvemYAfWootmJZscHUpJFca5SHeN/Stg7Edkrdi0t24gN5gCxYfJOuRZ2jmdyfarLjeH2byG3dRXU7hhPqOh8aKsLaOfk+KwjOlG15PnU3J0FcttyQMp18PL+o96tnGOCW8DeuJqwbvWyZJynQAxuQSR6DrUCxxa1MlF8DsevQeHv40CXDo62GskVOPKDXDcMlpVmJif1r0B9/GrFY4KuMUgwqDRmiTMbCeetUPGcWzHQ6foePQ1fexmPDYQQdnfN5zP4EVvHTdCmtU4Q3J8g/iP2WWzbJw+IcuBp8QKVPgcoBHnr5UjgH2X2/hh8WWLsJKK2VUnlI1Y+Mx+NW63xLLsacHFSx1o1QOVLLqttXx9TPu1HYQYa217C3XRF7zoxLCP3gRrA8ZqiXLdw6xbu+Iyk/SDW8cbur+y3mb5RbeR17p0rAGNrmHtt7j+tAzRSdo63wzNPJjcZ9j2yEmGRlPn+TVYuC8IbEEiz3svzSCAJ67+1VtsQ42cOPOfodRWxdirapw+wVAm4PiMY0LMYA01EHLyOgqYo7upNblWNe3qR8B2dxFtYBVhppBGp38uRq18N4UqqGZZPjrt4HxkU1Zx+QTOnU94aasZ5cxr0prFcWZvpA3E7KJGo1g7c6ZSjE485Z8nAd+Og0JHvFdQJeJNGilh1zKZ9zNe1reL/hn9swiO6GEhTtHeT/AGtqK44r4cOIkEEFZGoMjQiK6upCK5PV55eyzUOG8SF+0l5dA6zHQ7EehBFS7bV1dRjmdglhFo5hTlEmurqNA5uoduiscZ4gLjn9wd3XZsxywRGxJFJsMf1zOhkHoJOhFdXUO7dj2xRhSKv294j8PDsBu/cB21IIJPoDVEtXgyKZUShUgLJlNiSdixG6nb2rq6h5ug/8NXuryFOGoXJMMxYFpZua6u3jsd9auXD8StsZpA2YBQdCeUnXT1rq6sLjkbyxUntfQqfH+K2792SXyrIXQbT4mn+CtaDCHb1Ufka6uod82MbUobV0L1hMZbAHf1/lNTEvFtrn/IV1dTMZHGzY1G2T7WFuEfN9f61lf2i4U2sQHIj4iydtSpyk6eEV7XVua4FNLlbyNGh/Z/hFs4CyVHeuqLrnmS+o9lgelWe1jY3E11dW06QnkipybfkaxHFJ0AgV7h8ZNdXVak2ySxRUeEZp9tuIAuYWNyt2fKbcfiaz23eP69+R/hH6ivK6l8yW47Hw3JJYkj34vj4fgOnnR7sj2jOHcq8/CuRP8LcnA9QCOkdK6uoUOo9qIqUaZo1y7UnBNXV1HXU5E17Sjfar2xiMBbkCVa+du7oVQdZ0Y+QHMxSg75dCHX+Ibe+3oa6uqsq6BPh7a3JA2+4PKPqK0j7K+PZrZwbfPbzPbIkSrGGk7Erm0nqOle11XDgHqOZclxuXtT19mhT4aGWB6aNUZbkkxuDryMkDU8jCkddq6uq2bjFUTUZyNGAHQrJ9w1dXV1XYFn//2Q=='),
(9, 'promotion2.jpg', 'data:image/jpeg;base64,/9j/4AAQSkZJRgABAQAAAQABAAD/2wCEAAkGBxITEhUTExIVFhUWFRIYFxgXFRUVFRcVFxUXFxUVFRUYHSggGBolGxYXITEhJSkrLi4uFx8zODMtNygtLisBCgoKDg0OGxAQGy0lHyYtLS0tLS0tLS0tLS0tLS0tLS0tLS0tLS0tLS0tLS0tLS0tLS0tLS0tLS0tLS0tLS0tLf/AABEIALcBEwMBEQACEQEDEQH/xAAbAAADAQEBAQEAAAAAAAAAAAADBAUCBgEAB//EADwQAAIBAgQDBgQEBgEDBQAAAAECEQADBBIhMQVBURMiYXGBkQYyobEjQsHRFFJyguHwkmKi8SQzQ5Oy/8QAGgEAAwEBAQEAAAAAAAAAAAAAAQIDBAAFBv/EADMRAAICAQMCBAQGAgIDAQAAAAABAhEDEiExBEETIlFhcYGhsQWRwdHh8CMyQvEUM1Ik/9oADAMBAAIRAxEAPwDoUNfINlEDuGkOBVz4AFUV0UE9pzj0GgE9K0EcBZDRoFGGFGgM9VaFHI9y0UMeZKcATLQOMMKBwOK5gNgUKCeTXACLXMIVNaKCfHSlZwOaSzj5qZM40DRONZq6zj7PRs40tyus6zwtXWcZLUbONqa44JNAJ47UrACLUrYD1FrkrOPrlCUTgWakAFtDWnu2Mjx1pkjmZazXM6gqLTI5GLlE5gxQYBtRpSodAmFNYDJt0yYGj4W65o412NANHmWus41FdZwK4tcBmFFdYDxxXWce2EmuOSDXlgUrGZ5aNUXAEfXjSTOYNKkjj40yOPQadAMMa5oJ4DSgPg1MA2TQCYDVyZwyho2MfOaFnMGzV1imGpJIAS2aaBxpzyp2ECVqTiAM51oS2Ywe2JqsQo9cUrCeAUYnC1009CsA1zWlkLY5aOlKh0zy4a5nHgaimcFsb06ZyGHGlK2MJXDQEMI0mKC5OCta0p0GgEUGKaNuighLKRXWcjzEUrOYBdKGqjjbmubOZkUEcZmlOPVqkWAIoosZGXSks5owi1SO4oc2tKeUNg0KzWZMAxbausYy7VwDwCmQArJRYaMrRiA9K0wDyKARg2pFTasaj220aUYSCjVw6UTmLm5XIWxa4+tVTA2Et4fMZ6V0lZ1WbmNKmca5URgLvUmwM3benb2AgxvUl7jWCuGrpCmLY1mka7hQ9OlFMcTdtaFiBVNEJotFBs4wWmk1nGFNBM49KzS2cZYRT2AyooWEy9G9xT6y+tV7BTDtUpcjAFMGmg9xR+zzrSmMIYm3DHxrNkVSEYIPWds4MutUicapzgrNpRb2CBQ60IvcAwwmms4HFE4Nhb0j0qSkNFi2IuQayub1nNhTdBFbVwdZi2KKAgNy3Jp0gNDmGaFoOQU6AXG1mk7HHqGgmFCuMUjWp5FsCRmzcoKVioOtzSjwEzn1q0ZbAGKEmOad9KWzrE7tzWmQthLNyub3DYw9BhF1NZmKbtinimwhQ1MkEXvPTNCtntpqEeQhMk06VnAriQaZ7AD2zU+46Pria1VAaN2zFG6ZyAYtpFJN2gMTAqNCjlhOdNQ6Rm89JqAz5Xp+wDNsd6uicOLtRsY8imsAtw6YY1HGnuwRBvqxqMY3M7uCvXorZN0qBYbDP3SaWLZyYe0JPlVouwhhSyOFMYYpWBmcHczEelLDdnJm+KuMtPnfYaT2Ji3IrKtmTs0L2lFyOsDcxEEVRSfY6ynZvaTTe46Z7242oWdYFtTVYsUYsJNc1uOhplFGtgsGEqEkBH2eimEFcflXJpOhWZuxV2k0BmbA2qUVuFDKNrTrYK5PMYNAaOTg6QKy9RRyY5IirIcEW3pHIVit80liMEpqbmjing4y1SEtiiEsQnePnUq8wjM2TT6jkHsDWhB2woNcMUcmwT5G0qam6DQphrwUR1mr3sJF0DD1lg6mcAvrNaX5p0KxnA2jl8Jqso0wxQ0DAooY0TpUpS3AT8SSTlHOuchXuP4SwFFWx0h0qJfEbsvE7VDK7YktxS7oKmosWgFvEjancAJmLzzRiqA2O4K4SIPKqJbDJmHJDVOUaZwezdoKVHWULFyqOZRHzX9Yo69jmz13qMmAHJqcJ9ggrk0rTuzjKMWrbjbcRQ6mCK7uHg8u3oIoNbnXuEuXNKM+AtgrVwUkHuBM298+lJllUhkwVq9JNQcnYEwr61XtZwug1rO2BDVu7TRnSGsYTX1rTB2ggbtuKjkTQAdi5BoYZUwWExV3SqZmmgthbR0FQjwOiXhroNarSZnizzGvlAIqEF52NJ7GEc5ZNXhanYFwV8AR2Q8a0T3HjwYvmCKFAZtH0rO+QoGyAGaDdBSFrmN5eNPjnYrkJsnemnULYp7ibZy1dYibyRIRBzeNBwrY5STHIjzqUo+gR7BoQKH+oUEuRQktjhZjqI61NbnFK3e7pEDz5+NNN1EonsYzRUINt0Bhbd3MrDmuo8tj+lWlF6Wjk7R8hms6hvYbM3hpV+UcA4c+pBqkJbUBMbxD94U3LC3uIY14ZfWmltQj5Pv4nSkk7QbNYO9mYdKknpYY7sex6AAx0rsq1bjS2J2HfvVJoVMfvKQKrkj5dgmOU1j7hPFOtFnDdm5EVbBLsNY1fUFa1SScXYWhJrcTWdY64EYFzp6iuUNrYLKVpdBTJFUQYjUUm73M43asBlE9KXG6mNVoWd47tbG1yKnWxTwuiqPClyZFCNsrHg8YAmpwy6gSRjbWjJ1uKjVy5pWXI22NZHxR+9asMO4khjDmvSw49rPN6rqdGwwyzpWhpIx4s8psn4jCQZiozSaN8ZNMQD98DxrJLY1RlZeFruiKhK2WrYnXWkxVorYl3GFOUgxtUMipbFk6dhgNY8fvqanrUluEPirQAmjiitR047C+AYZwORlT5NpWqUdyUXubtIwOXnMVjinq0jDN5lAyDX+Y9T4eAqk5Rj5UOhZUAaetKnuCtxrDYfOx8BV8XmkGKtkrjq5LijwNWnibEyKmDw+EdhJ08Kn4TAk2UcJYC61jz7DxVBrtwMGFNhba3OkTcIkPHjVZ4xI8li8oiKMmtNF6B4QqdDWfp4py3AqexjFYU2zpqp+nhT9Rg0brgVqjxhoKnijtYWjVq+Yg0ZZGnTCmfXLk1px77iyZlx3Z8qGZ1EUct3NBWZZNipy1zEH2rRGOxlso8MxukVCUHGVjwkM3rIYyKZtpD1Zq25EA9KTM7jQY7C9nEQx84quGHlsVvco4phl9Kq1aod1QjaPdFS8HaxEANuQPOr49kK1Z8py1uxSpHjdZgcpWa/iOdCUrFxYXB2HdgwqTbRu0XuiUcND+tQzTpFsafcpXMUFEVLHK+TQ5UfWrIbWrXtRyj3BXbfe8Br7VlnyFoPZ3ms0gxPsXdkRVcba3Ok7JlgkE67aj3rS8jonRX7YFiR+YAztvvHrU5zUZbfmUW5lxSumrOSPmIG9UjBMPBR4Mw7x8RWjCtNj4xLjFsG7mOwAH608sq1UDJHezxbigUjmrFsSuYuX19qxTTlbF1bm0eSfE02FUBh+y761rTuI1bm8Q8NoeVZ2rsN0yeJd+7uDpUoeWhF5nsX7bGMrxMVtu1pZb2YhjmgDp/k1NQpbCNg7Wu1Z8sbWxwrirpBK1SD8lk5eg+uqgeVSlPUqKobVKCxbDWc5icGCsjpWqKM+nYQwrZTB512RWIlRXwV+DvpU9qHTpjuKHMUk4rTZRiBNGEqiyYx28j0qsfUNjAICek0ZZElRSNUYwzqQB50IvYWNAMRbqsZ0icoKyRjHKVTG7ZOUA+BxhGpquWlEKVOx1rofavJm3e5W0+BPiRIAmqYlbFkN8KxYyiatQ8ZDd5QUdvAD3IqOTZjPgWYke1Z1uIhFsXrWtYriBume2mJbbQgj0pJRpHWVOJXgey5QgX2rsk1NJVwkh5dgYuE6c6z0FMxjCANTrVsEtmdLjcb4ZIWRWqD2Ox2kTOM4tu8BuTUIQTyNsEpt7BOFk5dd6XO9PB0T0AG6aVJyiDuP4JVbMOhqsKWxSNNBXskelO3SAkRhdZnMbEkCovglvyUcIFtDq2/lXp9J+GzytSkTlnjj4NC53iS06KZ81B/WK9fH+Dqa29/o6Mk/xBRk23tt9UmbF9c+Q8gPWRP60kfweUsWter+ja/QdfiWJZPDlzt9VY3hLAWTyrwcuJ45uLPQg09xDF2wTm8awLI9LXudILhiJg89j06UMW8qGiw38UBWm62YbOfvXDb8V6fqKbFNNkG2mT8awOo86rF22CTD8LuM4noY86XJjrgEdyql0qsN6UujyUOm0K5SX8DNTjDag0Et/ynrp61RRtUIE4hfhso6VOcbdjSfYVwTnUzsKslsCJ4uOk610Yto5y3EeI3w1XxQoEnY9gLYZfIfWlzSvYZVR5fHZQeprNocuROCvewK3bQjcjSOtWx474LuGpHNklBVVjsiWsJdJwwJ3ZgPasGZVkr0KR3iUMHwwvqdqyPI+EasPS61bDXvhtdxvVF1OTGt1sWl0MXwyLxKyUzQPl0nxrSp+JNIwTxuNgOJXDltnxP2FDGrlJCvsMYYyyketT/1sK5N8SAMHxNUwSSTsEzWExkLFVimlYVKhZYd9etJBNsCe47i+4IXeKlkVz3GkKYG0Q2Y862RSapCpUzS4jI7EdazzT1AUqZTXE6EbkD9KWUrtFU6EphYUa/avU/CMUMmT/J2MnUzlGHlD8PuKrnMJld6+n6io41KPqeb0uT/K4zXYRxWr5R/0j6AV6v4dNQ6Tx5ejl+p4nWw8TqvCj6pfZDtvh5uMX5ZiB100/Ss0+th0vTwi+dK/N7s2R/Dp9TmlkfFtflsiuSAMnOPpXz+bBF4pZ5dz3oZEpLEiZfYKIiBsOpA1n618/nxLHt6mlSBYe7IP+7VnxKmxoy2Pu0U6xWh9OsnmvkGs5zC8TF1fDY+Bo5MDxsknYUYPNInY6UyvTqC42OYZxZUA9fvU9bnwNHYLjUa6vd5Vow4MklbRpeCclaQbCWmVAWHeG9UnhcOQTxTgtxZWm4G/KDrWZulZnfIXE4xIfSWMa8xFQTlL4D60k0T7V6A1aIRdbE4sWwxzE0yejkVnl/ANmEaimU9wqJUwiBF1qcVqk5MfYicdxbMdNhV8Si2JNDOB4w4sFifmkKOkfM36e9LKFZNPbn9v3HU3pshW+IsWiZBrVopWTW5+jcFwf4FtTyk+9eLmyKWWT+B6XS4rVFrANlkeNed4miTZuxR5iPNeEGqS6hOFIfTuT1wym1B1L5if7jNPllHDCOh+Z8+y9COCHiLzLbf6nI8fw5AAH5WP2Faulyam2+6PLzY9EmjPBG+cn8op8y4JxfcPfILKPChhxtoek2LYpsswJifPrWmPFCNCvDcQWOYUuReHsTTOhwlotJas8cbluWj6sJbuq7ZQNqpCVOh7sUx+BAuCPzEUcvFkpR3EWxRHqT9aTSLqGEeKt0uTw7khZK1Qwzg16XU55Sw8kYQSmEw5QS3OSx9NavP8UnlwRxLZOo/Lv9AQ6THjk5pb238w3DnItz0P/mn6vqI586fYbpsbxYqDY+9AnYmJ65eQ86ydV1ilPSuI8L3KLHtfd/YlcWvSR1iseePki3ydKTcmDsXgia6FvoKxW26RRUlueWTeUQLRIEwcsyJ01rbByrZBSa7HK/DCDsrjE654j+0Ee+vtWzqYKVEcbW5eEyGTZhJ8D4VniklQ1hsPb7Rta9XoOihFa5Hs9D0iktc+Cnw94aI25V70sONYz6B4ILHsUMeoAk7V4+TQ8cm+x5kowlBt9iTawk5rkd2Nuor5/PCU3qqkePnxtvWlS7EfAcKuPiLiz3Z38DBFdlajjjRk8N6hy9wsoWGsCjimtJ3h7kb5WI8RXPdWI1udBYcZfIUyx6lZTbsLMuYQee1KsbSti7iXF8KqN2cy0DXxIBj600HGUNaHnHS6FOMIoSF5AKPIf5k+tDA3Ke4JuNUiBwBJvidq3dW6xbHYYXI/XeGsAFHhXy+RupSPU6RpSaG7zZYPWscI63RsnJQdsS4hj/8A413IknoP81XFhf8AuzP1Wak4x57jGEuQgB6Cp5I+aynTTWlL0SJ+Iw/ao5/6iB6QK1Ym4zjEhPGskZz/ALsKYrIgbKAAzhP+Ign6GvW6iOpWeZJ3wLm2AQQdqy45yXBy2Er14g5uc7+lb3G0mLqrcZs2EsJESZqD8z1SOUdKD28S5InQEbetCU/LsG2asXJuDLy3rNq0q2NHd7G3uk3C3JV+pMD71Zz10kd3sicVOW8yj+dvua0uO1kZbMLavnU8pipKNI4dwZbvMdlXTzOi0JzdLH/aQ0VywltIRp5kKPufsPehBN/II/hr+S0WaMgYBR/M46eA51tx/wCOFy78BvYWN6SSTIGZjNYKvK5M5cCD3JO0sefrXZJubt9hNuCdj7pzhZqmKK02Brct4hzmPhA2nYR18KzzUW9/b7FW22crwXDXLJdHSAR9QDB+pr182RNWjPDyy3KQvZLegMxyE+JqMPNOh8atoLwrHDIrTBzH719LgTSlH2PqulkowlH2K2BxHaXQw7oUS56nUAV5PW9TNSWKMvKt/wCDzOp6qerw4y8q3/gxxLiBLRPdDAGhLHPLj8vH3EnKcsfl4LIdQFOkf4rFmzZJumuCGXqJSrV2FMCyrd0Ojbft96wxbbcWZ1IdxdxdutUWOtx9aWxOwfC7ZDFhrNZ8spuVJgUUfLwrNoDlXrz9K3YtbhuacPQSyby2X1HMNwVEWAWPSTzP+aGdNYnTNc+kxQhsvqR+O/Cjdp/EK5Y5pKnqdAAfOKbRLDh0vghm6KLVwe/o+5z9+yLgI2Ycuc0kZvG0+x5kotOmTODYUpcJbka09TkUoUi3TNXufofad1ImTHtXiQWpSgVU9M9SGbl+VIJ2B+xqX/jOCcvgaM/UqapEBcaLik2/5gD7xmrU8Tg6mZpZVKFLkf8A4ogdddPSkji1Jr2OxZtLKHDnBUjpLn37o9TApcGJvK59or+K/NmuORSh4fq9/gc/8SB1yBjOU/XQj6V6OCMtUsc+Tz88vMzOMQdpCnukArz0IqKSSYkv9thIuDmBOwb3itEG6EbN2sTnxDzspIE+dCaSSsaDuTsxx+/cFyF2AUfTX613TqLhqfezsjdnlvGFEzExpUni1SpCKTQ7wbF5lJOzEqP+DH9qWUdGRL2++xWD2B4kTib0juM5EnlPyt6fvWnJJLZBaabs3gzayXbUzdClsvOQ0EfX6U2JNcnR06Wu46T2VpQ+4ln/ALdh7xWCTcsra7bIZJRVMBeZmyAc9T4F9fouX2q+OaS0sjK2zzG4jMQo1VFhR15lj5mmySc6SCxhbUWCzjcCQOgMmhg07spSrcStuDr0G3PrUMi3pEthK/bm/bgfMUB8JaK0Q/8AW0zk/MdJbuJEnckn3JP61gnjlKTaKqaS3J7EuoXdwFmd+hNexlgk/ZkG+xNx+NfClbyKHVT3hsYIhh5UOm0T8jfJSKp2hvAnD4xc6fhXDrlOn05+YrVHqc/RS0y8yo3Qzzwvfuinwjh7IGRxGsyPzDoa87L1Fw25fJmu9jzG4HPAAglgP8mh0/WZovQnsFZZpUnsSuM8US23YgkBNNeZ5mvQjJZHq9TPnk3KhvhDZrUgwdWTrG2bymsPVtY8imgY1sR8Rxpw8GZB51odSh5QXT3Oo4Rdd1lxE8vCs2PCr1Pg93oukdKeT8ixh1q2pyZ6E3Q7lHdHj9v8xTzim4x9/tv96Mk3ZrEbKP8ArT7z+lVlwk/VCM4z4z4UEJv2xB/MBz8aySShk0dn9yPWdP4mPxVyufdHMYG9mBzaSND40ckdP+p5ONU9zscLdUhRIlQB7isWKLUXKu5W9wWQtJMwQ4+k0mSTfHagKPdkrhVsKDA0ifrM1bM3N+5NbBXvEqsb5/vRcKnS9Do3aLfAYa9bUmBq7eK2xCj/AJGf7av+HwTyebgqpbkv4kYu91/yhkdSNuY/auyTj4+pd7X7CS5sDj8YtlTdZZ0gf751PFjuen1Ob07kPh153LZ1K5gxEjfu5h6RV80VjrSTp9w+GfNi1QfmZSfLKHP0pMyrC5e38BirkjGLxvauchnMSfSdKpDHpiotDRxyyyqO5Qt4ZcsPr4Vow9Dkb1s97pvwSWnVPn0H8KUQ2kRd8zaf74GrPDjeDNmiuEkvj/2zbDp8P/j5csEqSSX5fyWLiKWYMvzEkeIrfHBjlCNrsV0J40uSI/BktYpMUh0Zijjx+WfeDXj5N+m27Nr8n+x4ebpMejxcezXK+dWecQYvcyN/MzN/Qh29TPsK8uK0Rb7/AKs81u+TWEOfOwOpJ+s7eQpnFxjbFSt7EvFKVvZVJ1C5m5mFAAHhWiM7xbi/8qR1FtQFynmhCjeTEk/UCpYYqKUn+XxLXs0c/dtdlbuXGctm1nYyWEA+OmvkatJa5Ku5CSUY3YHh2KP8RcMSAtxv+3Op98tHJFKKOT3fzAYzGOXOUaaAeQAFJihFRViO27On4xhxK4i3sSc3LUTKn2rpTcY6WWmk1qRGFoXDpEOTlB10/Nbb0n2FFKO8UJzuIcVwDM+azoAYMGCpHKrQ6m3pyc9h5Scn8Cvwnj1xEHa6gnKJ+aBuxNQyxTnUV8QQyNcnQu6MgZGGoEH9vY1nWPTNtclXutjj+PcEa9iQ5H4QCzBgseg/et/R5Fji4t78kpq3YS3buWsUHeMrfhjL8oQ6Ko6Rp9ankyQz4dMQbqRviHCP/VBvymD5kVDBmbxaFz+hv6Lplly6pcI6XCKNB5VolOtkfQZX4cNuStgROh3qmFJsz5nW43aWbpH8qD3Yn9FHvWiMbzfBfd/wY5S3CYtRK/1D7Gu6iouL9wJkviyBlYHUEGvP617WuxuwJcM/JOIuUZkWe4WOnQcz9K2YFrSn6nzfU4njySh6HT8Nvd91A0a0hH9Q/wDNZIPTG/dnKLdljh2LW4uUbDMG6jQ1m6iCjBS4tjQd7Erh+OQMf5Qh08MwquTE8bUvVk8bTlT4PLeKttdIUHLqRO88soG2sCmz01aHTjqbQTiIKfL/ACKp11AEk+9J00tmn33ElsAsOSQQe64KQZy5h8pI6E6e1GaXD5W4e1+oTFcOS7aBUse8Vu2mgMmsMfEBgpHnWqXl0yT7f36CuNq0JXVm8pmDmuSsdEy5Z65dR1APSkktUJNewWm9zIwD5bt1QS/Yp2cETJXIxjqMjHyrnJS0Q97fwQcWNy2XcBwvBCyknU17XT4db1M+y/Dfw+OKornux/h4IDXXE6MFB2jZtPUD1NaOrlp8kHwrb+q+1m38RyKEfDxvham/gm19m/yD73rRXTYDynUfU+9eNHqnHpcmOXLd/qfP4Ot//LkxT5k1JfOm/t9S0LuZ0Eazv4H/ADXo4cjeKHrwz0cbrFb/ALsKcQUt3Ae6bhnwHzD/APJrwsN5c8oX5W2/lueN0sHnyPG35bcn8n+rog8Yx8XAigs15oJH5UWJ18z9KrHAtTlLZR+/8HmdTHRmlD0b+5SxGH/DFu00aAnqeftXRUJO0TcXwjBsZ0RjOYABiBsJaSfRPqKnJ6ZV+XxA+DXGy1u9adW15chGk+fL60vT408O4JPTNDXEcCl61csjTMM6nnO4PlLR61XHLzX8DpxTWkRwOFKWWYjvvay//XYYOfdV96nldzrsn93t9APaL/vY5+3xIkAlTrVXgp8ktbO4PEA1pc4/DuwpAOoY6Er958Kk1cqRZT234JuBwZsuQxzKqsyn+ZSe6fMa+1Ndy8vegLyv2FbeCdrz3EYKjfOrcyNDAo5nFQqfK4oG7YPiPYKO0JZkC5cqjRG/LPOD1qOHXJ6Xs+fiEDwi7mUWzOT5hB1Ugzp+1V6nHpetc/cRXwdJiNQoBiSD5gEE/pWWFtUu5VskcexypkWQXLB46BZMmrYsOz9thbKODxXbWlufmUwfLkfassv8OWz2vw9OGSKlxJFLD2pIYGCJ9z1/3nV8WW0enkall34j93+y+5Rw1/nzB9xzFaMMt7Jyjaof4deDXXyiZZROw0XnWvp8qlldd2l9Dz5qtV9hHiGLHaKA6tBBIUzlkRB9aw9bk05Vvf6ewvirZLmwOKvAEySZGgjT1NYc2VSu2z0MePLNbVH6v9jhOJYgWb9y4LIzBNWzGGDEDIVIiP2rb02uWOKU639Dy/xDHLHntu7S3oJbwj3BbxCLlUKcynQaGJQ8xv5Rryp9KVwl3MkoSTo++GroS84k5X20nU9em4odYv8AHp/uxOFJhMFg7lxLTgCHzSwIOgMgNGx0oZU4t3udGNJMQ4KYxDlvymPqYHuBXdUrxJLuSi6YcYzOmdj/ANJHPckekH6Gj4ehrSda5Z42Lg5QJB08IoOKcbvc7U0dDhyHAeRnQ/iAR3oAAYxvsPbwqUr00Uu1Zz2OEYhDMC53DH5biwbbDx1Uf3GtEH/jlHut17p9v76E+5VvFsyqhAuWnbu7ZypYaeYnTxNDp4xjNyyLy8X6f31PU/D1C5PKvLxfp7/3gzxGyNLgBCvusHMrT3l8I3HpXr4etWOOhu64a4a7fyeth/FYdMnDI7a4a3tdv2ZM4jxJgWR2kgKojmNTJ8xlrBjm3Hbjf6ngrrZR1Rd1v39VW770hrhuLzZcu+cgE9Itys8pJ+9Z+qadXwkr+o+bqlk0adqjFP5f1Fi1hWzZWMkd7QxudqSfXQyW42k/+uxr6rrllnUNlt9q/cVW8zLcAEMpUdNQcs+UGanhmsOVSW6doz9D1LwTc0vVL47UTseAqOSP/b0Lc9Rmb31PpWtuTmknzuSzNUr57v1fP618hT4Oxt3OzuJkSJ8Typs+jG7gZYTaLHDb4hyzd67cZFB+UHdZHnA9ay5m/wDb0+3cVO79wPxe5DoQJAXKeueAQPZgfSu6apY0rBl5NYFicjodUZrbjqj62j4aiPMCm1abi++/6M5cWvh+qKZsqB3pi3ZcuI1HaDMY66ADzFQjb0xfeSfyW39+IzSS37L+TnbeHZhmC5QZIEgQOQ84rdLW35eCO5XfAqOxVicwYAKNNi7SZ20BqcH5v76DOK2XuFVGNy5aJC93umdBrsekkn6UsmoytD1vTOZ4Zbeyl4MxBzlACdmk5vWAKpnkss4L2sCR1PCGtG0GVI7ozNuSeY8YqPU422kmvgOpKtkaGAU963Gs6rofUc6ZZE1pmt0LpvdErjV91XNmKwNdJnr5H9qTBvLZbWdWxybW82IzCdZ3130EnpqK9Kcv8YJI6fgV9RCExmGpnmflHj/mvJ6iLabPenj1dP4v/wA1Xy5/P7HRYI8jykaaDSsknNLWlsbsWTEscYWtTV/nuFtXcrHmpgjnvII9I+tUxZ9O7OjjlFuKfur+v99zVhyGu81zCP6sqiSNj09a6c3Tb/u/7HnYYqeub3Sd/v8AQVwF4XLckZWVtdIIIINSyrw/L/eCcFrvJ6O6+G/6DWMYZUc8iValfmSZ7alo1RXeq+ZwvxIl26xCwELwzkgKAqlj4n969fo9MI6pc1svieR+KyUpqMOyQXheLe2wS2CbTL3VMMXnTMTy2OldJXu/9u/t7HmMoJcS3eSAYdtQfyMYy+kwPUHkKTLDxIST7LYm5U0iFw7iT4O+bRaVLd5fy67HXnFbK8XHriiWrS6KfFMIoRr1hs1t2Zn55WyMAPRprMnckpeyX5/sdJd0QMFi1Gk91soIPUbGfOfQmtM8bYqfYyb722JVtA2inl1U+HKioxkt1uBumX+HYzsnzCWS9mzDchVWT6gn6VHJFSxrs1/UOnQV7X/qDbYaM1llO/fU6if6Qfapx/01ezG1LVQTi5VrzuGylC0jTXvF1I/5U2PO4JR03f8A00acfWvFFxST3f15Q4eIgpkvQR3WD6b8luaRJBiR11rLGtXl29v1RnlO96om8Z4eHKuq6aaxppzkbHlFaumk9Li2Slu7RvCoLNwB4yliP7XUCfdalkjri67V/fqNF77nQ4Mli0nvCFE7nfX61iSivKUi7FC47S62oBQT1zAEkgeWXzijFuGi+b+48czXHv8AVU/oRuNoWS2o1Vhca44+XLlADeMLH/KK9DE6bl32oGfJ4knL5jXAcIVGmndETy561OcrZJA8PcS+1zINLNxckaSQjDMOplZ9BVJQcOe63Fi07YfjNgs91j8qdlcjmfwwpIHgBWbpJLTH8vyYZq236D3Aytq8qlDnu2wW6BVZss+MfWullqGrlJ19i0JVKi1xEg3WJHdFsBvEEkUcmXVU+Ev52Om7kcdxfs1vOGyAg85BiBGg5REeEVrx3KCaszy57HTpbXKbhOYuVZHO6qw5Hfmag8ck9KfBRqrbDcYwctIQElYB2nnlPtT5o264KuKtWcZxrA3SLVs7mWZoiW/eB9K7p0vEk38EQkmjScTNiwQZ0MCN9dAfAGtDxLxLZ0do2x3gnaOBcGjNrEz3JgMep5+1Z80tU3EaKcmUcRbt3FZL+kgDOPMET61nwyqdIfi0yU3w6UAI7wDwGEnu8gY2GbX2rblm9NAq0SeH2+zlnElWbKOUpOviM0CpZrk9Mfn8z1J5lNY8MeNrOowmKzoHGzAGNu9sRPWazY4pXjfZ/Qx5bhPZ8bflwAwmM0zgEC20GToZgRH9RWfOnfTKM2+1Wehn69ZcMXxNendd/wC+wLF8Uy3hbUySAwMSpHMHxlWPvRwYFNanwZsfVOOKUF/yfP3HcXjAjuMwIiJ5Ho3tWPwdb/Up02TzKPN2q+X8scw5Ny3dWN4dRIk6AmI8apgxorl67bG4f7Jb/FbL9zjOKq1y6lu5FpFPdBPeYx+VBq3STA1OteljuMHKKt/b5nluW9vnubL27GTsjkYNBTUiJ3G+nrzqcFkyN+Ir9yLkM8XuADtJIgaRsSevUVyi26Ok9iD8SsWOZozIYJGu336+taOlpccMlJ70wuD4ocMyjVwVOe3OhCgsfWSdaV4/FTfG63+g1qKF/iThy5Rfw2tknUc7bTqGHLpVemy+Zwyc9vcEo/8AJC9i1cxGU2gXc91h4jZpPgI9PGnenHal8gJOR2+A4VFte0GV0tODEESQwkxyIOviorz88rW3Dr6Mso7bkHi+NcXdBGXIynxUZZB5irdPBVfxRGTdnljC9tdzFiB3W35OJETv3iR6V2SeiG1f3kdR1HRYmyMnZ3IDZC1ttIc7n15eteXFtS1x4vdeg0ltT+RM4Bjypey2zkFJ2kiCCeUnY9RW3OnSyR57iQfYa+IcGGtZu8CkKQST+YZZJ151Lp8stST7lEk5HQYW0y20OhPdmB01qM41dFpRqqMY7C/iExrKz/SWH7mlyS4T45JOPmEON4FbdiQSQcres6jXznzANbtpSVdwZIqPApfumzh7lxmDCJUiQIIEDXXnHnNdCOrKkgTSinRzvB8cWS72QMjs203GUmSPRq2ZI01q9yCbfB2ODxAckkc0B8ig08df1rxXFY4pe36stF3ueWL5vnNbEOLjITuDbzyYPIkCmeOUXplxV/OqOjLVwUOM4mEeAZzWUnzLT9KaEbj8Nxpy+6/UZCAAAqtwgDvFRJ/3b0qijOKqMqQXpvizkMXxO62FtXFHZfi5WRYKwVkAabTHqTyrbJLxH8NhGm43VHb8Txak2iDuJ/7Cf2rs7TmqLTflTIPF7bEfLI69B5f7vWHHl7V3/Um+Dn8bw3tGU7BiFbX6j0rcp1v3Ivcc4JiC+MfIQEt21QDQSCdCBz+X7VDPcMSfdstj52LEgvleIPXmelYMMmt1yOnb3AW8W+HuSDlQOMywCGUg7g89tfCt/jO9S5f8C3pew7lweJK9mqhiCGB5nfQHad6aclNJxWmXf3fsx1Pfbkj8dw5S0baypBBEcspG1Tx+bNqEbae5Ls4rLZVCYhlLdZYnJJOmpLsf7elXyq1S7/ZAlSsHi8WFw9khu8MrMQde+GJg+GY0McHKcuy3X5A10kFxzq6kdpBbs4K8wInfwFQxqp3p23DDI4S1Re/Yu/DN+LgGTKuUJ3jrGu3+700pq0k7GTd2+5rEcOttcuXbqDOpgGSO6NiI5xz8KqsjUaQ2qrshcQwQdwQxI3EISY5SdBTeLoXH1JNJ7jXF8GrYfvB4gkkAZoHhWeGZ69qOaTRzuFC3XaDd0CliyqJEZdNdeXtWqSnCKVLfjd/ElVgb3CUe4HN1xIYd60wAEQKpHLkjDTo/JgaTPuHA4V2/ES7bcQyzAI8QefjQzf54LyuLXDCpJM6nCcJt4e0vYtCuwcTqQZzAE8oGlZvGeR/5XuVlsthzD35Llm1eQI10BA9t586lPVx2QsXy2yF8T8Lu6Omozchy0Ibw6Vo6ecVaYHHuUbuDN1AruVvMQ1uO6AyEMVMcjNZdXhytLy8P5jRTe3cc4xfKpZDIGGW6jqTzlSIPI7EGp4MWq2nXDTGm6pM4+9eBjUZ9BA39fHyr0kqXGxno7zBLopJnMoDTrDDVWNeRrSdGiPqUxaPZgHQ5dY/Su1OtyknsecTMJbvc+6rR0J39DXOLnj29zpvuJ27efD3LZ5A5SddCDp41qw5UxX5oHNcfw7/wELuCkjfTNJq3SNPM2yMr0kz4KQJikW4e/dDCANAD19qr1l5Mfl4XcOL/AGLWPd7OIdQsFrnPYgKNvQCsTxLQtXZfqJO4yopNjBhLfaQCS2QLtBklmP1+lCEHOdv0/Yrq0Kx3E3MttQQDmGczuWChhHqakk9Lfrz8Az2Vf3+7kG9dusSxcieQ0jkNB4VoWelSRme7sbwl1XtlWQQpDQNpA/ep9Rkaa0vk0QyNqmFw+JhrZM5SWHoQQR9BVdTS25BdD11NdJI68utZMspQkuwzimtidxziCGwxZQoQhQdpZtB5c624IvUmhJStb9iX8FKBcdims5c06DnljmfGrdWvKo/M7EWuMqoaYllXMuvNTP2mvKwtqW3qVk0ecfGewtxPzBW9q06dOTc6W8bRCtq4y5l1/LcQwfWi5R3cX8mSfBcuX9O+ZykQeewmetQjKa3Q6fqc78V4cCw72hJDozEa6CdYPhXo9E3OacvTgEmmmjGA4eHwgQFTEZXPy7zlMb6GKrkyaJuT+aFiZxPDphJHdHvA2FQwZkm5NCqNh+FYo27nYknPoAZ0EzGnnFGcIzXiNBjKtu5093GIwzEw5ABHj5c6zZoVddympP4g0cLlVzDfTWp+GuUcnWzHVsgHlGV9OW1JCVWx+5zXEL1q4Tbsuq3ZClGPdYnmjeh0r0IY7Sm7rkjJp8EK5w9wxW6GBWIBjQaesSY9K1bJXFcnOCjVlTHfDitbDWvm1BHI8iPes66lQ5LThGtipxO0Vwpj8qrP9WgrDh3yb+pGV0c3ZzoUDSCNY/qiK3TnGcGokqOr4RdzMbbEZdCOoMCfrWZeWNstDfYl/EjBla275WVhkuDYnQjyOkVXEnGWpb+ws3uI4de0C2zdDurSWJI5QJ8NqaqTcVSfYDd8iVzAWrTiRLFgwG8ci3mJin8XJONduAdi7geMAYgWSO6yT67favPy9NeHxO9jQn2Ote4csjXun30qTXlRW2Ax9/8ACA2IIIHjMxQwPUnH4gc6oi/DPFp7jAgqWBUjvDoCPpWrLjeKdrhgwz7Mr4xRmExDGI89tK7Fe7DI4hcMbOMDd4lGD7aQWygE+u3hXoZMieGl/a3JR2kmdX8dYY9orpu1sneBAHePsBUciqV9ml+o3UJ6thLCYVj37mswYMNpzMH80kmsbyanogcltuGxeOD3gqmUVQFPXx1rskdMKQJT1SPrPDJEwdz9zWeWZJ1YY47RMbEG3cAHyEAePStGhTi33J8O0Wr+ZcmUA6eVU6dxnFuRSSe1DuFuCDPTSsWadpp9uBos5P49VuzthYCzmYnbMdBpz/zXqfh0lJ7+gk1sO/Cjj8NTuSTpMFoAk+g+td1G7ckDG3wVOP4Qki4GjLIMiQVZSDpvOorBgdTcWuSk13N8JuKcOEOwkc+ZP61qnHVJxOhLyiF7Cm0Ac0ocojnqdPvWfJB7XyCa2tcC3E2HdUDeW9zT9Mr3fYBJ4yblu21vqNRyIrbiVSQs04sN8DcYVkeww1DSpgfKQBEDmDQ67Dp869CkJXGmXeI8F7QSIGlQ6OVQ3KeFqORx+D7IyzEsWGoJ0MyIr0NSexGcFFld8TssamCDzmNaxZEtxbH747qtMmBFZE29glLh90uhzcwRUZ7bdikXZ+f/ABfwcWSHGpLSDoCJr2+h6iWRU/QOSCrY1wnHXL+QXGklMoJJJlRGp35VTOvD3XqQb1Mq8L4+9tAjDMs90/mGus+tZc+PWqXI6kzprOIUwxGYEDQjQ+dYsGSpaZDPbcgcZZFLXCCCDOmuvICtmPF2RJs5TivE3CWb6sQy3Lm3XQgHqK2YMMZZJQl3SAtqL+M4guIwhulABcYK+uqvA7y+s1jhCWLM4Xxuh5S1RslYHD9jkcMSSSD49JrRPL4lquAbUXOG4pcWFYiHRnU6cuWv+7Vj6mLwXXDoV7j/AA/A/ik6ELEHmKTNP/FGPqNjRex98rbZ1MEIxHnyrz8cHqjB+pST7oS4Zif4jDhysNoSOU84puoj4GeonNWgOAUPi3IEDcddgCNNxPWtmTzY0gQVybKHxRg89tHX5rbhhrE9R7V2LIlFp8FJqzziOBFwBwIbKD6x+9JCTuvVCSjfAL4puDs8JcecqhgQOZgET1GlapuUsSiueDszVpskni7XAFbTOG0G0ch7fesqw+Gnp7EXK9mGwLoQDEMpgf8AKNTVp4m4hTV7D9/iyoxUsdI5dRNJHAmraC8iWx//2Q=='),
(10, 'promotion3.jpg', 'data:image/jpeg;base64,/9j/4AAQSkZJRgABAQAAAQABAAD/2wCEAAkGBxISEhUSEhMVFRUXFRUVFRIVFRUVFRUVFRUWFhUVFRUYHSggGBolHRYVITEhJSkrLi4uFx8zODMtNygtLisBCgoKDg0OGhAQGy0iHyUtLS8tLS0tLS0tLS0tLS0tLS0tLS0tLS0tLS0tLS0tLS0tLS0tLS0tLS0tLS0tLS0tLf/AABEIALcBEwMBIgACEQEDEQH/xAAbAAABBQEBAAAAAAAAAAAAAAADAAECBAUGB//EAEcQAAEDAgQDAwYMBQEHBQAAAAEAAhEDIQQSMUETUWEFInEGFDKBkaEHI0JSVJOxwdHT4fAVFzNikhZEcoOy0uLxJENTVWT/xAAaAQADAQEBAQAAAAAAAAAAAAAAAQIDBAUG/8QALBEAAgECBgEDBAIDAQAAAAAAAAECAxESEyExQVEEBRSxFUJSYZGhInHBMv/aAAwDAQACEQMRAD8A4qpgXbXVc0CNl0LqIO/vVergeS+rR887rYxXMUcq0H4cjZBNNaYSVMrCmllR8iQYmojxgeGnDEbKphirCLGCbTR2U1NtNWKdNDQ1IjSpq5SpKVGkrtKis2zRMajRV2lh0ShRWhRoLGUjWJXp4ZWqeDV/D4ZXqdGFzyqG6iZ1HASFB3Z11u0aaanSlyyzWDTMhvZ8XVLEYeF1mJpBoWNVw+Y6KqdS+o6isjEdh4S4ANwtSvQgaKm3uldCldHC4lcMCd9KyO+iYnZAzqt9iHoApshynXpyFBxgypsqSFTT3JTMfEM6Km5q18UFnVQtomUiqKUhA4N1oAJnU7q7iKpw8BMSAOqPWcVXqMlKw72Kr7o1Cgmyq1QBhEthxeowoJK3wymWRsUWHkZRadY/oqbGkKzSeN1eExxlsAOGiHUwbXaWRKLW7H1IuUJbFXuZVbCFu0quaa6MBsQq9fs8aiFcZ9mbTWxh8NSaxX3YPqEhheoWl0SpMqsYrNJiKzDdQrNPC9Qk2ik2NRatPCAbhBo4XqFpYbC9QuebR0QbL+EotK1cPghss/DYc8wtXDtI3XBVfTO6m+whodESjRRKNcjW608MKbtbFck5tbnRFJ7AqGDPJFwOAu5x2WtQpgCBdTcwERzXI6z1R0KmjmMcwuJjRAZh+i6HEUGgLNqvA0XRCpdWRhOFnqZGKwo3WXiaIGgW7iJPJY+Kpnmuyk2ctSyM9j4MHRVcXTDUWvQ6qtVHVdkVycM5FWs4EKsytCNUb1Cq1KfULpikc0pMM506KliAU5YealkJ3VKNiHNsrtKKpHD9QnFJN2GmyvVaoFlkd7OqcUrJDvqBp4cFaWHwBiYQaNHqFu0WgU7nZY1ZWOilFMyHtAMJKFSnJJSRYrEYeRPw1b4SkKK3PPxAKSttpE6KPBRaTCEMcZ9hKTY1+xTJOyNTIPpD1qNWmNlHJq5aaAg5p1ASGFDtE4oq1Q7oTemxmpX3KNTCQnp01fFYk3Fk4ojZGJ8iuuAVGmVo4amh0sOf1V2jSjVYzkbwZcw9NauHpLOoPjQK/QqFcNS530po0KOHG61cGWBY7HIrKhJgLinByO6FRI6SnUB0UnOtKzH4jIyAhnFmFyZTex05qW4XEljtyCsuvheRUq790IVSuqEXHY5pzi3qVqrCFmYkDktetWlZuJXXSuclVrgxMU1Z1Rq2a7VRq0l6EGebUMmq1V3sW3VwPdze5Z76S6IST2OaacdzPLVJgVo0UuCtLmSbAhJwVgUkuEouapsouai0BCscFIUUNjjdMgdZVnEVjlDZQsifJKzaRsp2Kl0la4CdO6C7CHBEbJhhlqtZ1RuDKxzGgy09jIbhlI4M6wtvDYJnyiR4J309gJGxU52uhWTpqc+cOQn4JW0/DEoXmsaq1VMJU2jMFAojaBWiKI5Ivm3VDqAqZmigERrY0CuebFSbh0sYsLKzQUem1GbRRG01DkjRJkqSvUeqBTpxco7Oq556nTB2LVN8q9hwFn0laa+AuWaO2nPlhMQ+UigOcpvcpwl473HcVWqORZQXtVxRnKVwLzKp1QVZe0hCcJXRHQ5pyuUnKJYrFSmglhWyZzt2B4g92As19JappyoGgtIysRP/ACMrgp/N1pcBLgK8wzyzN4CRoLT4CXASzClAzOAm4C1OAl5ulmFKBl8BLgLTNBN5ujMKwGbwUlpcBJLMKwlnzcKXA5LQ4CfgrkzDfLM3zdSFKFo8BPwUZgsooNlOWTqr4odFIYZLMQ8uRmigpigtAYdOKCM0MozxTUhRWi2kiMpjcKXVGqJmCijNw8LR83GyRonRS6tzRULGaKSmGK46geSjwkY7k5dgLAiFEFNOKalyKSYEhSeicNO5iVyrMAVFzUfhpcNPETZgG0yg1aYnRXMpCd19k1IHFNWM7hdEjhCr+Qck8dFWYycpcmb5ol5uAr5pSm4CeYLKXCKBoBNwFpNw6cYc8kZo8n9GZ5ul5v0Ws2hGoU20wpzi1QMc4bom4C3fNxuFNuEbyKn3Ba8U57gJcBbr8ENkwwKeeh+2Zh8BJbPmaSeche3ZAUlPgdFw4+Eh30J/+bvy1P8AmY/6G/8Azd+Woy6vQ1Uo/kdrwkuEuKHwkO+hu+sd+UnHwjn6G76w/loyqnXwLNpfkdsKakGLhz8JP/5H/Wf9iL/MOwPmrhOgzmf+RGTU6HnUlydplUgOi43/AF9v5sY58Q/9CmPLo74Vw8akT1EtvoUsmp0NVqfZ2TQOSk6m0rkT5bEG+GcNpNQDlzbpfVWaflXOtBwnTvG/P5Ch0p9GiqwelzpBQRGUz0WAPKUb0nCwN8x1i1mmTcaI57cI/wDbItMHODB3ILLKXCZalA2zRQ3YVZbfKER6N+WYWvF562Uv9RNIPcMidzFusadQCpwVEVipvdmg7DqIorKHlONDSJvFnA8+YHLZRf5UNBAFM3tdzQJ5bn3KlGp0Q3T7RrGieSY01mP8p4j4omdw9se0wh4jyqpt1pmToJ/BsJqNTol5a+5Gtw0uGuf/ANX8sO82Bs4WB0m1kWn5TOP+zOHi9o+5PBPolOD2ZtGmm4azD2+4a4cid+IzZDqeUuXWiQNJNWmPt8UWkNxia/CT8JYh8qm//GOU8Vpva3dB5qu/y0aJmkABuarR7onntt4J4Z9C/wAFydIKakGLlqnlw0CRRB5AVLxOvoabqq/4RWgwMPP/ABRyn5qMuo+Ax01ydq3wRWvPJcG74SAP9mPQcUfcxQHwmD6K7/N33U0e3qPgpeRTXJ6A480EsXBu+E46eZu+sP5agfhPP0N31h/LQvHqrj4B+RTfJ6EwkIvFXnP8zXfQnfWO/LUf5nO+gv8ArHflJPxqnXwUvKpr7j0VzyUm1F56PhOf9Bf9Y78tOfhJf9AqfWH8tHt6nXwHuqS+49C4g5J153/Mip/9fU+sd+Wkj20+vgPeUvyRrnsNvM+wIT+xGzqPsW5bofYi0yN1zqtIqXpdB/ac47sRvMewqH8C6j2fqunyjYH7f1UDRB+SfYrXkSRjL0fx3wc3/BRubdAUP+EDY+q110rsA3r4XCgOzRe5/wAnK/cyM/o9D8fk57DdktBkODSrFbsUauezvGBJdc7BalTska76gyfvQcR2MHxmJMXif1Rnvsr6ZSSso/2zLf2RVFg3MBsyqIB8JTPFZkNdTqW0BLtt5B8VsUexMnozrY2tzi6PWwpcMpeTHT75Sz/2T9Miv/N0c0ztCLEVGmdc1o3sEVmNYTOf1wHO30zaarVHZEH5U9BmH2qYwjhFnWNjlg+M6ozgj6fJbyMjDMbPdc83sSHECeQNhutahgiNXCDtl+2TdHwrMvdIHPvH9NVYqUHkEtyj2x+iWczSn4EY7/8ASt5qGx8ZAAgC3Xl4qnXoUzbM31tkA+sqeJ7JqPMioPYTHsVR3ku913VyR82m3L7XOBRmm0vEi1a39sHV7OqkZW5S0me7lAB32CGezXuLWuNO14zH37FabexCC0gvaG2Azkeu4mVaZgDEZn25Pe4n18vAq88w+nR7f8mM7APYSXNaQRAjJ05jRDp4N4JEUb6juxfoDtGy6A4M6gEE7k6epxT8KB3u8R/d9wRnCfp+ujZhvwhBuymBtLbG4IIg7J6mHpzHEAOX5NOQZ1BMFa+UB0x0105XmysNwQ1AAneQpzjReD2YDsHAn4sgxfU207rgMvqVWjhBqAARvBn2jRdK/BEGLeOv3oby1s5zEbhuv4Iz7Cfp6bOcr4dzgAbXmSAJ8b/al5iS3LFuYaNl0NCpScJtB3za+rVLzugDDRmP9sujxR7gS9Li3qYLeyh84eBEqX8HB5epv4LpKVS/oADw/FFDjtA9Sn3EuCvpVDlHNN8ngd3f4I7PJ1m7r+oLarOJsPtFlJrTEZmjwUvyZ9lL0fxvx+TH/wBL0/nFFp+TlMaz7VqX2cPemcz+4eGiT8ifZovS/GX2IpDsOj1nnKIzs6iPkg+JP3lFI5uCi4/3D1LKVftm8PApR2iv4JHCUvmN9iSFmHP3JlOebe0h0EZUjQDx3PipceNh70PKllXKpyR1uKYQYvp7/wBFPzzofcgZU+VVmyJy4lpmLb+xYI4cDcacx+qzsidgIMixVKs+ROkuDRziIv47pEcpF+cj12lVm1juJ9yIKjY3B5X+0LRVYszdNod88z4SfxU2tBvv0Q+J/d9qc1up9sKscRYGWGNI/wDARM5H6n9FUFXqf8gk187e2U1JCwsPUna3gB96cDnfxj8EA5uceBUXudsT+/WmKweo9oN4Hq++UNzmk90iejboNMP+d7f1lGBdvCB2FVGaJBIG7hHs0UjSZ80TzgpuJ6/UkX9EaBYbK7pHWT9qZzGg6X6JGr4pGoEXQWZB1OfkjxN0z3ECNfACE5qt6fao+cNH6CFLnHspQfRBzZ1MDfUR7FFha35QPSD96Z+JO1kErF1ujRU+wj3M/YCgawHoj7vsCjCUqcyRWWhnVHbWUb/uVPMlmClykxqKQwClmPMpZglIU3ZVhiSmhSShAEElJKEXAgkppkXAt8MJcMKSSzuwG4YS4YUkkXYEeGE/DCclVq/aDGbOdcjuNJ01k6BGIEr7FrhhI01jVO23yMtBx8Xtm1zAEq1RxlZ1+Db/AH4PscAhTRTpsu8JNwk5qQ3M6W2kgwSOlpn1IdLEy6A10fOIAHTefcqxE2J8MpjT6I8hVsXjadMS90abEm5gWHVDlYSVxGmlkRH1obmIMfiYBPRAp4+SQ5jhBAbcEuaROYDceCMaHhZOSolx5lHo1GP9EgnlofYUqzmt1joNSfAalPFpcLagMxTFxT08+cyGZIsBOcH+7aLImILhAYGyfnExbUWHJLEPCBKaEZtdvyu711b7dvXCI+oxrcxLY5zr4IxIVmVIShVmvr1HgsdTawgHK5pJLRPebcW0HvWrTAgJRkmNqxShLKi131AYbTaRoCXG9pJIDTAVB+PqjWm0XAkirEkwL5EOaQ1FstZUsqpUO0XuAORsE5ZyVxeY3Z4q5hcTnBdwqgh2UBzcrnf3AOiyFO4OLQsiWRVDiMRlcTQa3K68uLpYdCMma/OyZmOqkxwZ004oE30L6YHvSzEPAy5kTZFXZ2hMfFVL6kAOAHMkFW6bg4SDP73GyammJxaIhqdEypZU7isDhKEQUypcJK4AITo3DSRcAqSjmSlICaSildAigzGtqcUQXcKoGGm27oIBzlo1F9Oil/EcNIzOaCAYD25XNE3s4W/RWauFY/0mNJ2JAJHgdQquJ7MJHcqPGvdf8dTOkS2pNrDQhJp8FqxosIcMzSHDmDIUZXPYXDvpVKdVgyNqZm1aOrabmzLmXjKY06roi1OMrhKNitiKhLsugAl56bARpzuiYMd3NbvaQZAA09azsM8OpOqSJqVctidJDYnXRsbQtcpLV3CWisMXblUTiGZHVTEOjK4yQfmn7PejYuobMb6TrdRvp+KGymXOyT3W/wBSWyHl4mGnlrKUnd2QJWV2TqmKEVchOXacmYmWx64unqU2vyNcAWlpnnGoi/gm7RmGtHynAT3rR3rxtaLkKTWfG7jK3S8GeaHvYOLlQ9m1Qf6oeIP9RkPt6Ia9hEDxlSwmEqAl1ZzBYXYXZjOaWl7zIFxpE/bpFRqOgEkwOZi3W6eBBjbK1KpDMwIygmSHEgDWdDJ/d0fGF0tyxE3uQZtAHPdVabn8LuwHTOYwLbuABIP3q1iw5zO7rYzy2OniUk9Ae5B9EPcfA99tnAyBAdy1sVS/hVQEAVWlk3zUWF8AWh3ozN5Ld1dNQZmEbiN9YKsXTwpixNFHzYU3sM5ibFzrucSSBJ5X0EAKzQN3Dk6NuQMCPHdQxZDS15JEf72WARrsDfdPMPhx9LQTuATa/KfYhaMb1RLFOgB3zTJ8N1Ud2pRpksL7g6Q4+NyreMb3CImbR+kXVSkzPwSQC3hk6HUhum066obd9AilbUnT7UplhqEljQ7LL7TaZHNXVnVOxqJJzNLpcHQ5zyAREZZNhYWFrK6Smr8iduCGJrZXNMAzYy4Au6ARfmq1btSkx+Vz7H0XQYm8gmIEW3VwtkEcxF5+66zMLh6cVWht5FSRLc8EiNtCCNdHBS7p6DilbUbF9pOe0MogAug8Q1KYDADrrO2wU6eJ4tdzqbXZA3KakkNeR80aGNJt60F+BY9oqsaSXBr2tJyEWmAQLHxn1IlPGua8tgvECGWztJJkm9xY6DZJN8lWXBopiUqdRrpykGNRuOhGxUnBaGYwKSiSlKkCSdDzJICw0hQxGIyNc4NLiASGgSXHYAJyExCBmbU7TeQMrq1OxkOwpcP8maa+5Sf2lXAEOpmIBLqWIBvGUeh+5WnnUw5K37KuujFd268NB4lDvEBpDa5Dp0DTk7x1MDkjYXFVa1szoie7TfSaQDH9R4HjYErXDlLMnh7YsS4RCjh4MlxPIfJHW9y6IuTtsjgKAcpSrSIbOex2LrUnupeave01M7KlARlL3ekS4wHXM2i+uqF/Hqru4KOKdLiy9ENMj0gXgxaNQuoBThQ6d+S1US4MCh2bVrtOaaLHAgifj3BwkyQYZebXmbhbODwbKTAxgsABJMuMCJc43JR0lUYKOxMpuRUxYl7Ghw3cW5oJA0gbift0OxMNTIkkAEn2DYfafWjkdEoTtrcnFpYYKOIp5mubzBGpHvFx6lNJMRz1PtqnkFN7KjahcAKbsxdq7IQPSg5bePRbHaP9F1iTliBHrsfarMJOE7D1qVCyLck3cyKFWjlo02VmucSHDKQ4wDmdI2G3Ra9lVwPZdGjPBpspyZIa0AEwBt4BWoTjGwpSTehV7RoZ2anunPAE5soPdjr+C5/D+W2HqZGhtQ1STlpNAc48geRIv7brqkM0Wk5src3zoE7b+oexJx1uhxkrWaK+Mr/FBxY64kgNDnMsTJAN46SueodrccNGHqPApsPoUHOPdHekkgZjEAA7rrCmCUoXY4zstjk//WOuHYmDa9KjEZSZjjT4epPS7UrNMVahY3Uufh3sMB2WB3S2Ta07rq00pZf7Kze0YvYHaxxJqHI5rWkZHFrmh7DMHvDpPgQr9WlFem+fnh2sZYGp0gOgq5Kq4/CtqtLHSAeUT7/3ZNrQjFr0VMM+KlWmamdzXh0QBlY8S1ogmRIciVcMxxBc0EtnK6O82RByu1FjsszsHsDzUv8AjC/NEuIgw0kgHaO8VsQl/sp76FGthXt7zXOOl25Q8DkdnjU3uhUO2GzFSrTaBObiA06guRJaeoWpKDisIyqMtRjXiIhwBt+wPYlh6DF2AwfauHquy06rXOAmAToDFp1V2VnYPsHC0nh9OixrmiA4TIGnt6rRMKkJ24EkmkJJiI5VF3ikkpGSanlMkgCWZSCSSEBMBEaUklRIxKUJJJgPHRSASSQIfMpAymSTEOQopJIAfMmlJJAxSnDSkkmJjqBTpIAiQmJSSUjGzJZkkkDFKgSkkgCBKZMkkMfKlBSSQAgmzdEkkAOHDkkkkgR//9k=');
INSERT INTO `photo` (`photo_id`, `path`, `file`) VALUES
(11, 'promotion4.jpg', 'data:image/jpeg;base64,/9j/4AAQSkZJRgABAQAAAQABAAD/2wCEAAkGBxMSEhUTExMWFhUXGB0aGRUXFxcaGhsZFxcXGR8YGxcYHSggHyAmHxoeITEiJSkrLi8uGx8zODMsNygtLisBCgoKDg0OGhAQGzAlICUtLS0tLy0tLS0tLS0vLS0tLS0tLS0tKy0tKy0tLi0tLS0tLS0tLS0vLS0tLS0tLS0tLf/AABEIALcBEwMBIgACEQEDEQH/xAAbAAACAwEBAQAAAAAAAAAAAAAABQMEBgECB//EAEQQAAIBAgQFAQUFBgQFAwUBAAECEQMhAAQSMQUTIkFRYQYycYGRFCNCYqFScrHB0fAHFYLhM1NjkqI0wvE1Q3Ozwxb/xAAZAQADAQEBAAAAAAAAAAAAAAAAAgMBBAX/xAAuEQACAgEDAwMCBQUBAAAAAAAAAQIRAxIhMQRBURNh8CKRBRTB0eEyQnGhsSP/2gAMAwEAAhEDEQA/APhuDBgwAGDBgwAGDBgwAGDBgwAGDBgwAGDBgwAGDBibKUg7BSdM2BOwPafTtPaZ7RgAhwYs0ck7FlAgr70kCLxE+SbfE4lyWVBLBxB5bMu/4VLgj0gHftPeMBtFKMe6VItMCYEmPEgfxIwycHnh2Xpqbx/1kBMTaRr79xj1Wq8nMOVSwAJWDAI0MOw6dYUz3EecBtCfBhrkcktRAYP4xqJgFoEX7Ko6yT6jxiguWYgkCVFy2wtA3PxFvUYDKIcGLOXyTuJA6f2mIVfhqYgfrh7wTh7BwGbKm9lL5d5PiQrmO1gSZxjYJCvhfCzVLWrHTc8miapA8mGAAt5xpcp7F0aydOYalUIGgVqelXZiQoPenqi06gxkKWIOHGS4FQapBovl3IBWpReroDEiNULzKJM2L0tIA2740VPgdagCK5GboPYsCNV1kpVgkdSgMtebkKXtpanKWQooGFPsBUAQMH1Swflg1YgAgwFUjedMmQLHUUVszmuC1qdapQZDzKZYMo/ICxIncaRq+F8fYOH8Y+y06lNnao1BRVWpENVyrNC1DcdaliGBjSwbcszYs5N8ucwjhQ1LMZZatNrKUqZYk8sBjOqOWgF5VAOq5wvqtcm6E0fBoxzH1LjnsblsujAAMvLq1Cz9LA0EzC6QQf8AmVKIgGDpUnvjC1uBsuUTNEgB2ICnuskKV8klXkdgqn8QxWM0xHBoT4MGDDiBgwYMABgwYMABgwYMABgwYMABgwYMABgwYMABgwYMABgx7p0yxgAk+B6CcT5vJNTCMYhxIIv4t8YIPzGA2irgw5y+U1ZKo8Xp1FM2iGhCo8GSCf8AThZRoalcz7ihvjLqv/uwWa4shxbyFHUWGhm6TGncG0GO9yAR4Jw34hwwZes1lFMBbOuoP0IW0EwCZJsGDeMRZikUD1FK8mooIWLEsSoUoT0uIYyLDSSLWxlm6GnuU+DZgiqAX0ip0sxPkgySZ2IBv4vbFd3YEq5YMilQPHVdT3i7foNsFfLMCxCsoF4b3grHpnb6gR9ccTL1HkwTC6zO+kWJE7geng+MaLvwSskhkVoVQrkNbrAVSB82I+WO0M+RzNS6zUXSSTFpB7fmVT292O5xVcsxLGSSbn1Mm58m+GOZppyBoJMGSLSCVQMT3iRbx5k4xuh4wck3fBRNR+WF/wDtliRYQWAE39AR9cXqORZnSk9Tp1KpVZYrOtvdG5WTPgtHnFdFZ6QUADQWYfmsur5gAGPE/O9wvKnS2skKULWKoZXUugu2wIm0EdQJ7Y0SyzmKGVICmutNQfdCtWbv77iBt2UxLHDrg/CmqgfZGp1BHuU2ejVJ8GAxt+diL4vez/BqNQBhk6eoC2usHkCCCQiaLkXkMbjcWLZuHGqOvIZirBvyqlGsJtAhqaONuxxKUiiXchoFjSFMrVylZRZK1QVKNWBsOYSAxAuQAsnq1RBXN7Y5ikrUquqnUB1rzAzKRcxLHUVJk2MqSSpj7vE/F82tAKi1HouL8urVYEA20vSqmqp+TKMLeJe0/wB3oq5SjWog3IeRJ/FNB9NN7+pM3MYSr7Ddien7aorpV0a6FTWtaiY1IailX0nw4kyIDdRI1dQV8T4k9NcsRWNYUqi1aFdp1csmGpsDJ6HpxE7HwRiuc0hHSqGkw/8ATVyilDYh0qLoLA+ZUtcGbE0OMvl2p0OQuix1gsxIck6gQSbCAQQBKsoMlSS6ihW2aziuderVylMMKv2h+eyEADls6EUydoZqRMmNxOJKuSXOZt6NYmuwDkmkwCU3j7yqDIBhlWmskKeWzNA3y+fekWepQqvpp0qKUw4lzNNBUEqNK6eoSfMX3xeyPtPRTW1KgtKqwQArLKgQKpKpU6S9i+tjYkRtJzS62NcvIi9ouGGhVI5L00Nk1nVq0gAstTSA4m8gRcYVY1XEM1l8zPNq8uqzzzCatYkkQxquSEEkLemlguxxmszRKOyNupKmL3Bg3xWPBORFgwYMaKGDBgwAGDBgwAGDBgwAGDBgwAGDBgwAGLGSoK7aWcJOzN7s+GPYet8ecvUUHqQMPEkH4gjv8QR6YbZHJLUB5SisIlqR6a673QgdYHpPqoxjY8Y2yqeF1abDV0FWEmbo24mPIEgixGxsY0hya1aLLplR94oUQAynrpjxOqVA/wCb30Yn4dD0VUlatMDSrMNJUf8AJrCSQJiGBOhoPu4lyWVekwUFipvTYwG6JBoP4qL1L40s5/AAJapNnoLHijCkrvv+nivfyL+AZXQuay9SShp81Y/GgMal9TKn/T6Ypez/AAyauYoNBhWpz21BrH6pONnlMkvOoaY0kOlttDoREnsG5On54o+yWVJzeZqkT94jFYueatSoQLjG6tmyXp7xXyuRNx4E5mpTdUJqudJ06SqsZRy2mGVVIuDqHUJjHOKZMcpSyMEIlQrLqA0wpIPvFURRp3kV9rHD7g3DUqGtU95WqFVm45KgArKGwIhTeQQLYn4xlQSuhNTk6lVjKpcHmkbDsxJm3L/bfGa0O+mlJWu5j63CzUPI+8aslMMFYg6BY8smBMhtXpKiJnFN+GVAoZHlTTYsJKkKp1FCJNjYjsTMbY+hZvhYemiabhgGYkm4M7lhcE9zC6oJLHFB/Z8olQIrM1PUASOlgroqKY9I/eAG0431An0MomN+zGkAYJpumuGFwRAkkEbao1Qd9t8cBakwriYJEFrWtMqpOpWFt+5Hgl39jYAlaZpgnSLtAUuV7mYJdtjvHkRdyHDwQisWIYwNS9Wki2plLAzCwRsQoFwQWtcnL6eStL4M/Tp1Fr6FeFqIoRhcGm8IAs9hN+8oZuDj0OF6qKVC6ogF1YdUiAQtMG5JG5I1Wv2Gn4fwQ010MCXyr9DkROXzFiR26HYnvBqHDg8E6KAEwc07E/8ATptWePJBGkQI/jg1Drp5VbF61EQtRWNYVYLFBsJPLogVCogTAUyfU4uVMjma41vrUBRJrZclE8EA0UYxYCPE7Yt0suw5rdSiTu7UlVUJGtxShyGYEiSZVF6uqD1+I5ekNTqzVBcIKIRUmer7oEszEzpNTbcdyjfgyUa5E+ez5pqFWo+YqMf+BSi42vTapWAU+FVTftuKWUzGdlqlWlUy9Ed2o0gRtMBadMkAdtr7HY3+J8Yz+dpBkc0cvYaqiCiHmwFMEkP6dVzv2xna1DL0L1Bz6o3DszQbzNwidUyG5gB7k6gBIQXZ2hQr1AmXWtUZmlqpEkyRLFQTNz30mY3nFgZhcjzOXynZlCw4p1oaSWOoKVAA7KT1N7x0Y9cRrMX5VNVRqoGth0yoB3iyoFmWi6gnY6cL8pTatVpZelDU1qWLDSGJMtUcC8aV82VfjhlutxXsy7wjLVKCA1tSZfMELU0VVVivLFUalALRpYOAYDWxe9meHZqmn2nLVKYgdXK01a0kEkcvaQPwsQDcgEjCjiFV3ySOwBLZh2ZxvLIgGqD+LQ0CBAQxvix7OcJWulRqLg5mmpqLRdQS4SGZUUhg9gSIIaRGkg6lHwA/4jn8xmqFddbZixY0nSghpqiPJSnTquykGG2WNBA94g/O3Ykybk98bXivHxncoazjl5vLMgWohaWRzpjUSW6Ym7GJtAJAyOfzAq1GcKE1XIm2qOo/MyY7TGNgZIrYMGDDiBgwYMABgwYMABgx3BgA5gx3BgA5joE4MdUYDaLqJXpKSUYJ3105Se0hxpwyyOXo1tJV+RV8oxI1XjoaGB//ABs/ouKeRz1Ok+pRWRttS1EP/iaYn4Th0xp5kCVpu15ZqTZd/wDvp6qU23eR8MKy8Ip8bjvK5Gt7zhOc3TrU/d1o2WoCAQ+942mQIGHOWSArMpEwHU3MqAA0gwzKIuD1LYkCdSDglGvTWEcNSP4apVlAH4OfSLIB41aYIstycaSlVLXUaWETTc+9pk6S6zJi4cdazJEMRiUnR34kmiWlRAJ1CTTIcAX1AkgX7gM6sD3Gg7YqezqmkeIVibUdBHcaloxt85+WJUzgUh5IpglSxiVV+kq42lNQa3vDSQYAx64cHqrmFJgK6aw7WgOGKgkxOlY8fHCWPKO6o5kumkGqEMVUIAu+oSX9xQSS0rAvCExOG/Dcg0Fqjk6jLFbFO4BCjqPfYbk7aYrUc2uXAmGkRSp/d6m/Eahm0mJmY3Mi8PuH1gTqqNpZROmZ0yJtp1HtcnfcTtjYpN7lU6JqHAUdWpFAaRA0gbggyOrte48SdoxJmuF6xrVRqGhwp2suoHSNiH0z8MM8mHYSjAehUifIKkA3+C/u4tGmbfhsJ8GJi3z/AExZ0Qead7mW4lwoagosrIpCi8AMoAgneG/Q+mEeX4DNNVQLMRoAhW1kljpuyEadxI8g42AYBwrTKuOzNaoe5Aixad7WxSy9UVmJBiAQGh4GqL2MEALPzwrirHUrVv7ibO8NYaNaxoDLq7VaVQRUp+riA48lPXEdbPSlNlEsqlFsD1uyqW9NJpSb7E3w/wCMlRQCMzBSbBgC7EGdRVOoGbiBb+KHiHClCoaVUkjUzDQrOrMInS2kqYk+6dzbaFktLHik42yAU1ZVBgUkI5YOkK7KOloIsi/hBnUdLEEAEJONNRpn7ysOZPSklnZjtCAMyA7ao1SBdwQcO1VQkayvZmqBl331NqBN/wAJP6xhDxkctRFdaK7c5KYpEj9imWWQI8GbdrjGxOTqI0ilTpmtWPMrVqtWIGWViFpC961UE6DAPRTGvcQpkYi/ywBkFFQazMeW5ChFCgEuimVVVuxqEkKOqSSFFNM5VI5VF9VNzBCEuWB35tc9STabCw33OPPtVxUZdDlqDMWcD7RW/aAiMvTgACmu5AAkxOxw1M4Owr41m6QLUctL/wDMrmdVU3Lve+ljtOyqP2mJ0GXyH2TkrpGpctWrVQPeJq0zllX0ZajMv647w/hCUMmvMA5lVpcsLBUiVJiw2QjcA1jcDFfhfEWqHMZosTbTSDm55KhEDX311aTG9yT5wvK2G4PfBqdLL1GDLzcvWzPKUHwhr0zv45lEn0eMK+McPPD8wKtBmEa9JkBqbAQCT4K1KdQHw4G4xf8AauslGmqAgsudq1FF9QgIjz2HXTA9YnyBHxCtVrtRqNdXpMrBtpWs6hWMWgBFJtAUMbAjDRT5Fk+xF7S8NZqgKKAtYU67KsQGr01Y/wCkOKoA7bYz9Ph8aiwOkU9XxLKoA+TOPpjV8N4lqFEuRroFadVIgimtYiSDaFFRp8W8YtZPL01pUj75KLI8tT1aREx74SZ7EE2Bw3BzzyVKj55Xp6WKkQQYM7/PEeNfw/2YLo1aqSOYIBPvB56rRuXgD8rE7wD1PZBnWiQGUspLfFRT87bk4HNLksot8GPwYcVuDlgaie4zvywe6IY1T8YX4ztGFtbLsoUsIDXHqPPww1mUQ4MGDAYdwY7gxhpzBjsY7GADmPVJ9JBIDehmP0IOORi1laBkSsq1pBFvUNMAjeD88AyVjjhPFR3oUpH4hlw/1LVFjDmt7SVFYLyaBAFmLNTsdolyo+U4o8G4UiqX1KzqfwK9Tc2M8xKZjvdsOf8AMkWRRaSLs3NNBQOxY0aa7+NeIzpySo9XBGawycnS28Bw/izVGJ+zVZG1YVEcD9wsEHyDYe0s8IANMH0cgP8ARHZScJeGcRzNUxRQ1mI3Q5gobxIqZuq0x3imcO9db/hVq1BWA1GnTUO6juzt0U0uRdl8C5OFkhcUn5IeJNTKMWJpkkK2pQA4BMXFu9rDczIJGLNPMUwBppwK3U4cm5oTSkxMgyGlQf1t5rUAqhUQ1qzWBqqgChhZzSAURJjqWSSAFk6senyrNl1UOtYDU4FQyKhDVPdWYGpaVSovba0ScS5OiTp212+4wp5yjIZWVajEaqulGYAX0oAtSLgWk9ttsN8iaaXJPka16jM9uYIBvZlXCPhppleaqKikSTpitTt+yQV2BNgD3Fhqx5pVFfqDCqJMSS89pYknmG20KNpiL0Wwq328n0DI5tXUNfbs1OI2mB/XFjPOzDSsm3ofoymQfFo284yWW4s1EqrUkUGCXhFBYkKqyLlvQA9r4s18+rszEhEmxZYIH3gtF5nSdu1/S6p7k/QbdrgmzGX1KFlajCNAamqtvOlogRIsQo2+eFdKuVfltSCspGoGy392F2aywLWIBwu4vnKhX7uab7DYloJJGq8alBOkbQZJJGmtRrjUGgvs6uCAypVCOEAa09Yt3mLGDibk7Omktvn+tjdU8qCt2MleqpMGPTTf6MI7Yy3EaKHlqwVBqdD0GFqBVdD1CekKwmbi04t8U4qzUlClWBuze6dINxBIM7ze3fGL4rxMMlarPKY5heWSTpapRAkkkWUioonb5Xw8tyMv/NXJ8jHN8YY02MajTGmrS1EVKUErqSov3gQnZrx+JTJfGE4vxFGckKs2LRNMtYG7Uz3mxbUImHE4n4vnnWp9soPpZkhwYIMWZTupMaZnck7mJQZtyjrVUKfNpW4kjSZgEN+s2O2xVHm5szlsNabpRE0RcwGnTqFgQk2OkGGJ/FEAwpJXZHLP9oQ1Fkk6gZEOZ94NOljO3YmAdzitWKaVIDoGLWmREnYkbAx3PfYi8QzjrqE3MifEjSx+JFie8+YhjnGPtBxpqzFVMU16RE9XbVe8bwDsDHczYbMLTy1Omw1ayCwUyY1amAO2yULb9J2xnQcWqtWdLKVBiCACO5JJ1WvPb6YKCy3xXiQrVeYyyoO0wTqdqj+t2d4PYQMaLhwJTUhFdLRq/wCLTOxVhIvBK6hZgwmRenn+EHq0l6IG5Wuog+dxAN+zKca3hfBRrlaOloIKgtVo1EI91t2VTMB5sZNwJxjdIOWS8N4Yrc4PJqUwFbWIZ6LkFXBtqI0pfyxB3BL/AC/s3TQUmUEmmSxXwX0iAN4lRftqPa2KgqIFTqss6SzKzBDvRcg9RUkQVPddM6iSy4bdaaEsSAC06TdQrgC24Z1903iBjmyTZ0Rxo5UopTYKAqqpg6xC8yEMr+0qqy3BudI8R44nVhFCyjGlWhmuRzHp0w1u/UDYb+mGQzVOQdN0hRpAZgxJlYYyJYnUR3MSdJhTxjh9TliuUdAHOp3qajHSVDMAbSJCqNMtOom+Iy+qrNS0vYT5mnS1BBsAKdKmAWYqg02UXJJ1SbfjuLkIeP5dGBmGb3YUgqjbDm1RClr+6pAGwBEYZPmY1BKdU6rO4RRKdkUM0BO0Gdtpvj3mqrKg5fLpiIHMfSY8EL7w/L+vnpxt9zMiRgHyjAkEQfB/3wYlq5bqP3lM33Bj9IwY6DmKunHoJe/+/wBMEY9KMYPRdy+QaYA3G1RCBHxE/WRhx/kh5LwpA3g9Wki9mG4MR3/UgLMtmXGxKDwqg/qx/ri4nGqimQARBEPDe8IJIAVZ8WxOccn9p2YZYEnqsWHJAUeYWBZvdQR8yfl4274kylDS9nBFtUp2aLFGEXMX2uMWqOVFUDRqBGoR0xEXNgLkHY3sRO2GnC+Cgks2pdII3mdx1Te8+6QNh64WeRRTs3F08skkoL55L1KkrK6AulVjo0SGYWI1AA6R+Ie94vYR1+HZbKKHqyzCBylg6Wt79RpVD8AWFoYCwvcPybU2sDqYiXO8RAURcQAN+x+sf+TnUCJIaAwI1AwAJVZuZgX3P1xzLMtWzPW/KN4/qW/6/sLc3xPOVago5fTTVhqYU5AjzWrsdTQLGTHa+LOZ4svD6fJpHnZxzLOVkKx6QdJ/EPdVItedMsmHGaRcvQ0ZcqWNyyPq06uyN+321H3bkCwxl/ZjI8kfbKkB9TLRVgTDrJauwO4pgMY7lD3Am8JqSODLilje12+/ZL2H2UoVctReXJzVQgM7Nc16p0JTn/pyW8a1/KMNSNPMKDVyadOoimwJokAp8GRnQ/vnGfWuz5mjTAhaCtUbVciu6AIGPdlLUgT+0WPfFrK8WH2qopEo1LMHT5H2iqCJ/dXaMZUuflD6sXCvil/n9i1XzLUaz1qbjp08x2DHTTqQ9GuF3bWNK1ApB1rIIZpFnMZcVC9fJryn3qLbTqABDQemGEHUB8hJIyFLOfZ+W1TrWgzZSuu5qZepqqJad/8AiRexRPGGuY4i+X+7R1amg5lECQpoxMt3IIMgieoeb4dxbJYcyhbZe4Z7VspYVp1U+p+YD0iIlDdh3N5Y2iBtYo5o1HUhp1AEbAoAbmqtwrAggfhBF9RDkKeJZyjXoEg6GEHmdM6QCRUiJ0lnCG3Sx1AbypyVZqLokXqsFKxI0czlFYNiNNgPDuZvY02D6hxa7ryb41xV01VIKKz0F3HWWy7Ibk3IZz/qjCunXFAU0qG3ICGbBmptyTI3uDTj4nxj17I5HVzKAqL9xxKlUYTY00qVqbAC9oC3/dGMbxLPPVpZfUxVpdGsRD1J7fllBMyL98O4HOupdDrM8RfmtRQkvErMxURogHuKizE7mFnytTjyuKOXWRqSgKz6h3zT1HaSO4p8snyNwZgpspUrVlDKPvEZEXYEs+kC/mUBPkv6Yae2OaRs9mSOpFqCiRsUNFVohrWKvyyDHb1jDKKRLLmnk5Ysz9SkyAUZ1aYIJ2KkKBax1K2mZ7C5JJKOjXK6lYGDAIO40ntPeNS/PHqhXCq4KzrEDyBe4+YE/PvceK4UqrBiSbMGMkERcHuCPpBHgnSL3IjUIBXUdMzHadpjzjxjuDAYAxInie22x8Rt67Yjx7V+36+s74Aos8OCcwcySJuIme5/Ev6mMfS+DPQICjL1wu6lKblRfeVKi57Kwn1x8wy5AZSRq2MWAMbAyCIxsOEcUNVjqq0lABJVaaKiwI5jPUXU7KNgR4vFjklaNXJsuMqhB+7FTVE09IDMtySFd7ne4uPqRDkqiqtVXUqxZFptJKcu5/EdGwgkDp6ZB2x4TMUnQvSDmQdEiDVYyC8KAWkK3W8TofSAFnF+sJJRqhqIAOWjEEAUSWt6yoMx3PjHJKLOqE0ke8jTpr94VosNJ1KHKqD3LLJJ9TA2HocKfaWopprDtLXOnnOAJRZViVkCVO9wdt8NafE6QUujiTMWKkFYkGDabAiCJMEgwMIOJ8YTmOXpmdCidbPTOqkKrlbiD0Ee7e1hONjF3wK5ISrw9E62CqUaGdS6iQDdkpiEtB1AEEG6gyR74nmVEahaJDJIjvM0mut/eAqCT27r/wDNmLJWpgtrXTVpb6oLGR+YEMREQNP7RBQ5vN3dabHlkyFNov2Hz/uJx0qJFyLFVZM8xG9StGfnqIP1AwYVAj1wYYQmVe2GFDJRc32g/wAjiThmWJYAqSCe29/H9kY1vF/Zxso3IqGXq0w6KPwn3gHEEBiekR+021sUhpXPJRxdX2Ej8OHLDgWuD8FRSPrqjFerl1gET4E9zAuDG3y7d5xo6HCXqZZRNtbmB3EU9/ofpinxCmyrpdWhYjSQL7SQQT8h64rrVjywSjHU0LKChCIAle5It5ImRMgAWv8AKRtMkDoNmZjpi62hxvAnY7EAgd23xn+EVZYBaZABu9PUpA2u29t4EbTeMMeF5OK1RtAQIJYMwKuNU610jTrDqO8bztjzesity/TZpQezHmV4kIkFRXLFDpPcBof4iIkSIA9Ti5lelHV0JaBM2MweqIJkAaY9fGK9AVWRSSHU1L00BRRqiXZhJJkgyRMmO84tZfIVVRWkw5AljqAEBVf4He82JizY8uUF2Z6uPq9qmiNOFrU6GGmwYmbiAAfQ+LbwPNkntNWRCoYSqzEbFacMQRt1MsfADzhtleLvqUOKXMWLA6dRLlTp0iCIbWAL9Q2mMZT2vCXqrIAplVUgiTU0qSPQKXAnfSfBi2DG9e40+tqDa32r9yj7HuzM9SpcvVWSfyzXc/WlS+uK3AKxatli24p1GJ8hmrMZPa4/XFnIVFQqhtNMrP8A1KxSiP8Axpap9ThJwXO8txa/LdZ+tQfqI+ePUrk8e60r52GmstUq03WdVIEgXltK1ojzqFRVPYuB4xDluIzkyhOo5d5U7HlO1iveVcj0iowxX4xnSmaLpPST/wDsZgPlb5rhVSzBUsRHUrKR2hht8tx8BjSblT+40yGaTQC0kqTJnfUrTaLgLNvUDvivm+K6qilJRVQUlJJJCDv8Ywuk4KdOSB5Mf74EhZ5HJJUtvB9W4HnxT4lxTVErk8w6sADJDGuGHaYYH5Yy3+IjyckwNjk6Tx+YlwSPTpH0GNN7G6K3E860CmlTI6TTbea9KgulR+830PrjMe3gn7ICD08PoG4g3b9RH9O2GJXsXvZGmGrcPgdPPqV3hdVqFOlY+ANLenVPa2MrZtuZWZoY1C+o+SzatQj8wBxquCuUp1Xbajwx1ENp0nNVWCyPxFhXmPzD44xUYGBI9aUVSPdJg+huV+E3+Z84hjHqMcjGBRzBGOxgwBRyMGO4MAUe0I79u3m/9Me8qJZRAMtsbC8QCfH+/nEOOzjQo3XBOLmrXLuyhFkIO7HQUQkRbpBJO4CqIhcS5TiakghSwU9Lao1ywDhQPwiFkgnYkHGESodp3N7mO28fPDRIepRAkoKbA/tMpaohA8Fp0qNgWAvcnKRnA141xxXIqajrPS4FgVg6WUH3TBJja5UggYSVs1UquQGBseqNMqiMSWHfpkwZ7gY8Z7KQWkdZqlFVRC2JkwbxLKB8/GIwzc+ygNq06FAI/Z0ADcHb1BxqQXZUCkiACT6DHabxeAbXBFiP4/MXwUdWoaZ1TaN57R6zixlpY2AJknQQNJtsBNiRO0GwgyBgMIkQkWj6L/PHMeasEkgwDeD2nt0iPpHwG2DAbR9K9jmTKUzm6wVm2o0+7MPxH8o/UwPOFmYz1SvW5jkli+uSCTr8j/t/8R4wsp1qj2YhvV9LGP3m6v1wz4fRem4KgEgghibfCJ6fiSNsNjxU3J7s6Z5rSiuEfSOHcPKZcPuDb4T2j5YyPtHkW97SwQEHWRC3kAWmSYMfOBj6BlNdanT5aBEBNhOkEKpDfMj9cZz20YVILUo0iGUCIIAHrM729cZCDT3Hy5pzhTM/l0YqDQ5uo3KoAdhdghFx5w54PNUmDpDjq1aQNcFVdlBIBEMd7yLYU5mutPLUwtWooBM0CpDBuoBkkQw0kzJjq2PZ/wCzGVbkDtcnyoU6YAb3WEN23b4Y4fxOWmF9xekWqW5Nlq+kwWdtTSAYCinJHuxc6ac7g3sRtjmfzdPWwcugeZdbaAEXpkah+NZgbdxBGLxgU3zBE2UAE7AyBpBgCFkn5eZOX4vw+FJAbXzDCrFqjBuo3k6XeNU3afGPJwvXK2d06jGkGUzNGop1JrMSraZqWYQ4Tv0mNTMDHmABn+LGpUDGAKUCVJFVqYDFQzBnJXVJOoQ3UTfcvDmRlPu1cctmBqC0ube6RcEELt3Yi40kpOfykcsgRlM6GBZdR0iWCiNQDmFM7E2tPpY01ujkck3uzP8AFTcNIUkKdAMwy2UH1C/rNr4VPck+caPi6J+EUyqiFja0MZi5B1dLT3G04z7Y6ovYTNGmeHJJJNyTJPqceYxJpxzThyRHGORiSMcjBZlH0f2LzTpWesUX/wBPkV5hn3TmsrTO4vqAIMbacZz/ABBULXpUwCAmWp07mQQjOJB9Yk/m1YtcIqEZLMtqJK0cuqrIG+eLzP5dMemr6U/8Q4OfroPwOyRMiRUfb4zJ/MWw7exlEhYpks6zFSznJ0AT7w0IajIANgOUoJ/KMZSMarjmpckk6Zr5utVJAuRTSmg+ADPUAHxxmYxjYURxgjEmnHIxlhR5C/TE6JF4sT+ndf8AefOOUBJAtB8/1xtPZz2e5p0H3T1I0XlblT4MfW/rBqonOSjyYrlCDtsNvMH+/niJ0iPXG64v7GmnTEba5J/KFYsSe1l/hjHV6TA9YAMbREfAefTtjbsITUuCpGCMeowRgspR5Aw04BmRTqrVe60V1BfJklB6/eMGg9gfGFsY9AkCOx/iAf64LMasaniDim1UmatWpCt3VUJd49CzqBvZWGKnAaunM0SduYoM+GIU/ocVXJgCZgWHiTMfU48qSCCLEbHG2ZpLVccmqGp6gsKVb95BMGPUjEDyXDKsajIAFp7x2gGfhhtw1BI1MCIhkiQwkmCCVIMtY+uNHwThSs5UKHTpdZk3HeB+Ie61tgD3IxPJlUOToxdNLJwYF1Mmd5v8cGPoHFeBZZargTBM+4TdgGI+pwYkuqgy/wCQn5LHB/ZVyNYlgLyDB+W/8O+Nt7K8KSqwJTVFtRIuPSAB23j5b4QZH2oFFgEE/Ixje+x0OXra0LM0gLIj0a5B+WO5zpCuEUnRraHCUpoVUQJmB/LHzv20yLlCD1KGLBIG5EQpsbAXM/CBj6eKsj1i4x8+9tyWDhgemPwBrdPu2P6/GNjiblRz4226Z8ezFYojqg0K5BZCAwMXBViJXeYm4vOwxvvYFj9iqED3n0x26l0iP7v8cYXjFNdVpJ7lrE/UD9MfSv8ADXKa8oBERUU9vw1Cw/UY8n8Sm5RS9zqwpRt/ORpxqmlN1BWVpDULbu800T6AknsoOPn/ABXizLqYPoNUwXLGBTQyRTHcfhBF2LM2xBO39rc2qa3eOXTBtMFm0sFVfUgCPHXj4xxHNvVcu5v2A2A7KB2AxzdJBNvwhpv6VfJfrZpatPSiBVSW1XLpJ06ZBAI0qGMDbUbkGV/E80HVCDdgvMBO70wVDRHdTvJkztjzXgQqt0kCfQjUt49CTH5iMVaqiTG02+GPTVI5mRVHJ3OIiMThCSB5x9P4H/htSfKvVerLqjMVYQohSRcDUIi+/ewwSyKPJqg3ufKdODTiflnxgKYpYukrlcc04nK486cbZlGh4d/9Mzo03P2Ya/C89zpmPMH5DEHteoXiWYI6hztd+4aH39ZxYyJc8LzqxCc3LknyZqjT/A/LEPtkD9trncgqZ7H7qn+mHb2Mrch9oQRRyNMrpjLmqZ3Zq9eqdR9CqoQPHxwj0Y0vtjTAzOhWLLSpUKQY9+Xl6Y+QmbYp8Hyy8xeYsoTEkEj+mEnNI2MLE2nHNOH/ALSZClTqDktKsskSGgyQQCO31+PYK0ozhYz1KzZRplYUrxIHz/mJx9N9iM03LANIvpiGRgTa4I1GZEdx9dsYAZdZ/ni/wzir0CSg1MbIXkgH0U2+v07jZ7rYm4qR9q4vk0q5camCJYsW6YUdQQybXiSTELEwcfEPaWlS5hNNw/rzKbHvaKYKgemo/wA8aLOe0LnIKFf7wVnlgSGhlkSZm4VjO8hd4xjRSNR4EksRuRMmBv8AHBBtLcSOKpWirUF9o9MR6cW6+WZGZGEMpII8EGDiLThtRWiHTgjEunBpxtmURRjqEgyDB9MXMrkmqWWCeyllBPwBIk+gviF6JUkEEEGCCIIPgg7YzUbRYy2YLWZgIuCRfvtcAb9oPrAxsuA55UYanpnUYUo/VMgg6WMztsTNrYyWaya0+W0F1emHAJi91YEiDZ1YWjYYucU4caZWlSEuaQerp2GoatOo3ChYJJPcTtGJ5YxyKjo6fLLFLUjUZjitBXZXamrBiCpDEggkH8JwY+eY5iK6WHudj/Fct8L7GkyimRJb4A3P12xtuCe0T5ddKTG5BMj67n4iJ7TtjPZ/JpTqsiNrRWgVB+ITuB/v88Mc6ktSpLB0qJHrE6bmxm0fL4KupOdQPofB+Nzl6tQ1CKqsqqBeCQovNjc+u/phb7X8T0rSJVlNSWc9UkhdDhJtaZgH+BBzeU1JlM5qtBpC/wC1rMz8Wefniz7W1edTyq6pGh2BLACDUtB89P8AHF5ZVov2J6Ln88GS4krrUIMmDIN4IjUrAbbEGIG+2PsX+GOWX7HrAABJMeDeR8LyP9sY6nkHOXcumtUQSdUQBPuH4nwfWcbr2Tp8jhzyTALdt1t29Qceas8cs1fa39kyufE8cWr8HzH/ABF4kalXkiAFhm/fINp/Kpj4lsYlkxpuLZdnqszbtDk+BUhrx4mMLquTv/fYYfDJRikjJRbYmNPHk08NDlj4x5OW9MXWRCaBZoONv7Me0VVctmENZgwostJRa7LEzuTjLmlcDuf5Yu5HPVMvr5ZjmIabW/C0SB9MZkakhofSyrneD1Up02adJBje17j03wvamRh8OL1gffJ0HUJ8ggifO3fFbOaqjNUb3nJYwIEsZNu2+Nxzl/cNnUG7gJSmOaMXnoY5yD4/v+ziushpG2ToseF5jsgr0f8AU0VhHyB/TD/NcGp5nOVRoYseSATOknlUbHxIBxF7L0l+xVuapNMV6R6feZ9FYR6WO/72PoPB6Y+2EqzpGgi5gg0kJsfpHpiPUZ3GKSvt/wBY8Ycv/P6CP/8Axxq5rM1HCnWz6V0XUBxpAJke4ItGKvFPZavl6Zp0FUip0sCYI6erYR7wPnf4R9Z4coPUQBbttfviPiGXs8rKkSSN/wC7f3fHNKGVw9W738bCRzJSqj4LxzhVGllr09FUEINzJuSdUdvrjH8vH1z/ABCpUzQ0qjSp1TJgXAM9u5/sY+YGjivSZnKFvyVyQ3KV/wBIxLl806KyC6NupuJ7MPDDsRf4iRhpkuB1qwY00LBRJjx5xSq5UqSCLi30x0+onsT9NkWWH3VUdxocf6W0f/1xRKYbZWjaoPNMx/pZH/ghxVNHD6zNJ4qZoFnqVFLMzaveiSTLTbvippm42w6yNFNLFlYkbaXKbjvYztirXUMSQCJ8tq7+YH8O2FU1wM4ulYv5eJstQUmHbSI3gm/wGLNOlF7eIInebwRHb9cNclxAqb1XVR+GnTQE2v4Ufr8MDmKoFRuBXGmpTbbpYssnb3mVVEkG2r+GLVXhFRkiqr8yJSpE2AMhmkhksAG7SO1g6o+0FMkD7MarEiC5BaRtbSYxI/FlUSuVK6jfTUYDUPKEFLW/D2GJerIooIXcK4Sa9GkWBjL1HVwAdTIWR9CxfUSzgfHEHtVUWmHozqru+vMMp6dUyKKx7wUn4SO9oevxpfszlS6V2I3WxVZ69QjqE7xNgd8ZHK5Isw6XI7lf6f74XHk1Nt9hpQrgSFMdxuE4LVi1AEdidMx/2H+ODFvXj5J+j7koyhB/of5jFvIDl1FaYg/D9RjFD21zJI1aCsjUAiqWAMxI2+XgYtVfbISYpmLQCb95kxH/AMY4ZdFnOiPU4je+0mZYUMxMMatekttrsp7R2XEiUFjKK8nTlkFhuxepJ283x8szfH6zMRzOlXLKu6zsG9TE3Py3w/pe246CUBIpLTfUY6leq0rpnpIcfTF8vTZfQ0Lmv1Ehmx677fwfVQpag4XTtGpjcA2IG2LBrcrhbJILF4MGfeAO8+MfMMv7ZgqQAo7mWJFrbRuLRh03tQpy9IKA5NRy6qdoSnpJAHeT9DjzYdPmxuq8o6JyjPe+6Z6oZckmYJjx2iP4Y9/5SdMlZHqfI39N8c4ZxZzq1UxpZOkgt2M3gH4SQI+uGWa42gDDST5NrDa4YA/z3keCUMseAuLZ4peyrMJWDTteIsfNjcXvHbfEHEPZgJT1FgFAJG92gbyO/wDXFngXt0lIVKfNXVB6aYLEmNgvaAd5jfCX2i/xFy+YpsKZq03KiWAFtgSvV3+Xyw8cOVtc3322FeSnW1GRqVUeugpglpgGTHft4i5xb4lQ0gfHFDKcSp0jVqEs1QghSBsW3Ykn4X+ODinHxVhVRh3JJH8vhj0Hjm5pJbIjqjpbb3DX73998aTMcPhFP5R/DGNOZNzYjv2sIxrD7VUaoVdDJAAJYiNo7YTqMeRU4ozHKLdMoNl74t8OzAq0zSZFMv7xIWCBG4GJ6Gayp1mpU6VQnogtIIFgd98JE47TQEQSC0iI/af1tYj9cJBTmnsyrUY8s3nC+GvTylZB+GpSeVCnqKVFgTsRMzb443HCuFMa71HdiBYKSe1MKQb3v3GPlHCfbinTRuZzNJNMQpH4TUloJj8QFvGNVkf8RqNasyU2KLpJBqQu2jck97m3gYTJjy0tSuqf2v8AgSVW1F8/wfU+GV16l2j5CMQ8X4gV6FEyPe7YxXDeOLXLFKgMHdW1X8mB8+xwyq58qpRnQTs0m8/H5fUYg+vyLH6VV7k/ytS1cmV9peFNUWq4ZhAjSWN+rwfIB+uMQvDybgY2GbrVXZlL6lmSQRpiTB+A84rZnjuWNNFPLXSBGkXM/tEbn9cTxZZxjS3O541tYp4U1ag2qkxB8DY3G422xUzmQbW0rBkyN4741XBszl+bT61Mw0SNgy7jzfb0PjCr2z4rTXNVkV9IDNBiL6iIBNojF8byTey3GnGEVuyOhwmm1MtR1lhSfmAhYB0kCIM98IWyWLeR9p6VGnUphAHYNFUKA0kGBKkAiT4+uEP26ozA6jEaYHj+++OuOLKzkc4eC9maehDNpsMQcPKBlNXVyy51N3gAE/O4+uK9cubtrvdSRAI2n9I+WIjTnY/GZ+GLRxfTTZKU7eyGnEXogMaLEqGCknvJ1W9IH6Yk+wxfCvJcMaq3LT3zsCTBidrXPgYvE1UX7yqQslYBDHmIIuNwBaSJ7bzicsdVGMvuPGd7tFzhpFKoHkSrCVJYapvpkD+5wzyPEcuqv06mJm9wCe+qxMDyO5j1y1amUfqYDUsyrQCGvBPpER6YMlmlDEMw0wbk+BPzPbCyw2ttwjk3HnEOKVipUEJScmEQAC82MXNh3xSySiRJ7+Y+UEeuEWe40xYCnBUbAjvNyI+X0xZ4dxB6ZBJ1Hv29Nxh1gcI2Y8qlI2iU0gTTB9Rb9NQ/hgxBl/aPLaROoHuCim/xgz53xzHG1l8MrcfjPloiLzh3W4AFyn2kVVbr0aAGBBB3JIgjfa+2DBj28knHTXdnn4YqWq+yE1I9sXPsB5esMIgmLzAMfDHcGNnJqqDDFSuyPh+Saq+lSB3kztMdscrrBKyDFpEx+onBgxltza9htKUE17jHL7UoZgQs7mLVKlo+WJ62caILMR4kx8YwYMRmrkdON1CyquYKGVJU+QYN/UYhdgfTa8eowYMMluI3exK+cOI1zE7+DgwY1QQSm7K86tv2sWMxKEA9xMgYMGGlykRj/S2SUaTsLEfPERUQTp2tNsGDElLdos41FM5SqMhVhEXiQCDG9j8cWKHEXRjUQKrg6iwG4NtOnaL7D/47gxWkQtjHg3tfWyz6qaJob3qUWnyIiCBb+todZ/2qp1aUs55tojVAj5erRfBgxGfTY3LVW5WGadU2eOH1Ur0WmtUA1qDuZLAi4I7X77HCvMimtg7FpN7i4wYMQhGpyV7fwdTS9NSrd/uVeH8SdSYJ91m/1BSZ/TFXM5p3bW7Fie5JJMWJJPfBgx2qKT4OPU6o90RqJUiYsJJ8zhzwejRQzX1ad+m5j4ER2wYMTyK/pK40qs1SvkWUE0nK6dSyAIvMQDtvYb4io8QyYUn7KhQWLQCRKtBHSO8fQeLmDHB6S3VvnyNSoQZn2iUltNClpJ700BAk2BAtvHyHjC3OcY1sTy6YHZVGmN7dMTvuZO2DBjujghHhEXJi2pmgWnQAPAn/AN04gzLqfdED13t8BgwYsook2Q0mAMzf54sU64+GDBgcU+QUmuD3zsGDBhdCG1M//9k='),
(12, 'promotion5.jpg', 'data:image/png;base64,iVBORw0KGgoAAAANSUhEUgAAAR8AAACwCAMAAAABtJrwAAAAh1BMVEX///8AAAD39/f6+vrm5ubT09Pw8PD09PT5+fnOzs6VlZXp6enh4eGSkpK0tLS9vb2dnZ2np6fd3d1OTk6KiopfX1/FxcU3NzdXV1empqYkJCTQ0NB6enpubm7IyMiFhYWwsLAzMzMWFhZERERnZ2ccHBwrKysODg59fX1JSUklJSU2NjZ0dHRoZm63AAAPx0lEQVR4nO1d54KqOhAWBeyAKJa1gd09vv/zXQOZJIRgKEFwr9+Pc1ZEUpjMfFMIrdYXX3zxxRdffPHpMPut9qjuTjQY62PrNKi7Ew2Gfjaudfehyehomlt3HxoNbVZ3DxoNV/tq51e4XHd1d6HJcE4zv+4+NBim1h44dXeiwZhOWv6t7k40F/ZPqzU/1d2L5gJRnyeB/kKM/eb5z+hSdzeaCl3rtZCKrrsfTcXCQv92vvMjhh1E/2vtevvRUHTAsdC69XakoZht8B+aWWs/GophqJwRfoe1dqSheDJnjOAb/0lidyZ/Ho0a+9FUaHRSpt/5SWDl0b+X/fr60VD0NEYnL78BMh4bNubszWvrR0Ohx1yK7/zwmPrsp+/8cFgfYh+/88PhHFfIX/0ch8UFDJfrevrRVPD55D/Kn4tGbVhqGOLf3/K/TMNe7b2Lpj0KxW06Gu+uX3QFvaod3aFhOZtloDFYFbjOeMMf+ez4T2fU9weP+48mQpDbdeolZ+Mz44dtd+7PtgvhtDDwcga39slqlo+KP3eGLlIvx6tsYgjGeS5vap1Ei5+RvxgatnNbXjJPC8XBzt7KLTmbZqPL63r6zho/pgWmhcExa4mTQHxabqB2RGpgjub++HQ/l5sYgls2HfIQVKr2p4qHVgqmO1/NvH/Z1UtWTORtC8WnZT2UDzI/OsP1U714YiutBhe5G7URFTo7uRS8YnT1vuU8Cqnd/DhJiJ5QfFr7LJKnGj13Nxlvj4e3zAvF60J4AfdpvTf80+m688n+JGV1leH6YrBtMVH+eUN9bw85RzevvnmhWKYOd5DwvEJU6l7oa2uwmVapdvNjL9IyaCKErkgl5VFtxF6297pnIg2+qM8+H/eJoJQePtnLZHY6qmJ1lWEhCAlexWEwJfTHfDpHYUzqY7Dltcrun3ho4xLl4e1hH8WkmqVesoIb9z3Fiy2SveiimNT2/lv3EMvhl7X1epoavuYIIHVD9bJQ7xzVhCWNLO9TllE3g/nqhSHv07+6h1MBZmDr01jO+v5iXvRkyPuv4RrWOLesZcocrFKfHnzU3fU34Yjs+jEtkH9KDT7e6u742/DoDlO1jJhUIzh1dzsDfpaPyVLBdaZpJCd94lq2gnarw82Zr8NwjqvkcmmJMiv94S9DScNKcT56+C8S0+upurY4UfbwU+dnqKplJRhbcx3JS/Tph/SyZGYj1oRgEtLVD3SlIQB6EpEw4koOVLZxTdiq0St2+O7gJ8F5b4/QfLTdVQDHQD+E8kLu9Fpxy3fOh1/tX8yPQtHNgzgVsfBRuLWIdZAHHtvqW9/02NZTaRFCPQTR4noxjLw9MMCIdZCbXEkAjklXvHa+lK5tEf5NN47FxaSTQarITsBD6BazusbVdIsmyl5Y9xYV7Uqwd80o5RunWaJSv/AMCH4aGol39ivr3AlbrenL1M6usvafoJEFVoDE+SlEeqAkeUQkrEr+ET3cJIlt6BV2gGl5Jzja2T+NpwdzaDFftYlFqZK/RhZg8jr0XNY6/HgPx1qLV+mWaYcKEMQSOjiSjVJV7iziGUmi5pfs3yuEDfxKCntLxZUhoDISfsvmtKkgQH8gdHA0HZIKEWQXNmX6F2L62HjCZAuiX66sMCqf+TwcvZmzJ6QJLm4KT46NlnjgQJJFvxCpynL52BMmN5rADqL+PWSFCdts7Uy3yDlq40ilCTcfX6QjjFbjc6P/QICA9wk1iygCIZ77bLiCsA6vLTMRI5kj7ZySZyWQ84vVWpDNxhoHtGsg+B3mFaCFsFe+wB+FhltYhVNcRx/J4HVkrPb8wJ6jf+VbhJArQHFuKGoMqLkofoULt2HRYB31cn7Y7O+KBNNXeeaEwYXKxjCkDpyzMHvtukeQEyBxgXpk+MBj4m8NQqR+uhqU9p3Co8D8hCp9Qa/vatTwnvLNC4ARe1y/G1fTXsthTawYYtPDIqX0LFTSwPVEcdro7hlET0dUi0R1RE3R59E7Gqutg1zzghGrZIkq5uexExZZniqQqz8QenMyOE3vZMGGih08JkGcFtv+CeVBkamGLtExd0e24wWxLyNtRdzsQjo6pjW9SNJj2eDLTap9WhkiZPAkGe4kiNOWmQSRDsW2aEZHHV0ArP6Gv/5Ro/o+kkcq/QXcoHgpAs59zeLnyIwXgjRjyq0IUCfhrQACJHBTDDpqoMyhlgJ1RhT0mLk8LCls7GisL3+cgSsUi/oTl/NMNfdy5QeGJAg/YZnEEhOfOxb4i5AZ4cLtUKeTSuxj/PKhIvTxd3CfaSDLS7bwGhyXMiJHJnZKpvmZpVyfAmxgqJEhmY1XMiyIxI/wNOja6TaxTbYtuJwZWROgcOGSAlkC1sEY/LyOEG92d9q4y8l5pkfH5OwChH7eJx4DiQnDkQQBEkYxwkQNtdv2eEBtVChoEKsi64BGGvPmwBJmt3vTrvFwchb1zNk8Efho6BPGCq8OENGEGykO6oZCIqxxi24TLD7KOnS97zvbaf6yNVFYcBhfLOJiRA7y+yIOaEUeBqzyhJsibgzRGu0geI4E9wIiZCoygqL248p2ITqFR1faUArJDNfAjP3AIO15mAn6Mujxh4m89LqGvbqdVFQ5CrQvP9Ys8yMnQEzZTE8fueTue8x3LEH5d+BWv6mvSWfDM86cxztRMB0JCGp2eVuUqSpcSoCA5LTvcYuDNBeIKDIM59PNsftmBylr7NSaq/FjcWC7gi3TnjqGw0lFtZ8J85TwpTJtCiAnQHAmdu8ghIP48BUoqMG4MnsyHTTwSugILJ1g4/i+cyvoe2YCF3noJqJUmQiQvEYKSA62WWTnE/RBJKIOESsq0NGPOvronSVZsfGPkmKaqexZToDAVuP4CaEN6IPoSRCLqG1GOsaD/fTtNfdbKtWiEEOm9SWvkYLbgIz4+ejDDw32OxYukWzFww1xyTXLW1tvt82dKECV8Z0X8vglECDD1tmASdimn7zgUzGNRvPV2FP7jMZ1uR34u6HZUnXVjFuSyIMr4s3Zo9xmvDR2uJ47e6+amnug8UXDrTyyPhIn56rCuuFeEH4X0viuubOch6e0mOgQLGeO7VL3BxpWdP3sG7YE0q4KfrTDUr5wTvcKnuk5E34EetXhPpdEjicu5MWz3A/a830Flmi5Gdi7IYT6qYOCIz+v8or5kWdHEzkjwVdrm4Y9uZ0qobs+9AaWOwmDdMJlC6RCifgccu32I29y7j6Z7rTSJ2+ptoRQAAkbjJjvOyrayjc91dZIJXDczFaWP+D8CqZMgEyBzXQQQjUqxOcn58PK7ygSvwb3m+MbIyZjEMvcstEsMgeE3m60NTd3JXDJ+yx3pTVSh0j7i6J5HcYwsL42nQSiRYFhKCiXvOTeKUrJmk7iaY76aICh1yx+PwmdoBiXJeGgM5egUlDruyiwkVY1ReKgBMOYuIhCwdwhRB/n/GFul8vyxayLLClBHipKjO+nmW/3jbU9hsHBYCNNLDYZEHbE6tfDVoqqplhst7z4HItMT6katqc5snZxVwYzPPCXopsOdN6dTwZWorAVq58zeHqUYrH+nTxVJ8GL50xfoYDWC+7hpIqzONGMAH+JhCGeOSYhJCwp2FIRlszEXGh2SZ5JkKDoJlo5CFBw2kwsIyz7Rl56SoAylApYGtFYoc4PCxd8xMGDSOxd6mUFtElyD4QxnBxIezxXigxF6sF2P9kZ8ec6tNTaIIvtThQVj0sTdekWzKk2Pc5mLWE1ZiyVTEOmbKAQcgIkegAa6V0mMmTqLqEr4UqIF7fymWPgfqFQMLUwsJwYZwZkrRx3Lj49GXxiEb1DWovkg39Dh34cuyB8COkDnzkGQrhiJgvRIUF9IiirUlmyUi8YlG4mIcrEou7yBdAgQQf2Q4A+QBURKFmQvHAh4XUbfhF7SC4EKLIyD8rJCw1fQU6A2LNNff70L6MdXeAYPm3EfoSRRiYLMw8olWYrz7DZ7To2XaKMVwg3R14qmYqS+/vINR/wqoG3iIXGQHf+CEYCxi2iLTBynEQDhwMVJogLIKjzgQ8Ut+/iTceyQ87bwT/iY0BwHMnIkTiZUcQtXtwKKR88bHA40PyIWRQtLCH7ixRE6Ze/Zi8S52ONICNrQ6fG34h3ax47E5PgBXNuSq9IiAhuQsHNZTKVQb2EvEYKbCyRtHu0TkQZWtAT8eJWkKZVvNN+wglNXAeCPwUfllXwane55oNGrMVtbPWRGrZjw6QwibcCSyhKlIGKxAQI1NEjRjL1nT3eEKYC8+Hjz4XcdxU7q8o1X9IARDKX5OyThF5txc4M1co/oIco9oTXrk52IgVfDZ6uRKLXHa6tIrUer3cbzQppuiZJgIYpxxnnEozblZ2t4WNiUyuOVlub+xn1I7Gumm4WRXMmit5bfpS1k3zMLpK5K9bKnfOB3ingvqxxE2thxCtB/TDug97qdNf26pa76JlHkZc/iJC9SJxgeI4dD1iOigMC8eJWUUoO0QVQbQwJCxSlkpTtWiyPPJEQmGnMnZkXHLjjSOv45HrRjQfhjjR2stimG4ptqG06rqE+S+0nWiwKuesHNpYXeZCR0NbEHXiuuJWPFfWwpXf28jdcFIKgbrso5ATIx2fykgbHQ+1BtXU4JfHiVlZV9vRCxigXFE5PhiJxGB1Ptfex45RsoOGD5mUqhXTDGuyn79iUM8cLMeSQ10gBAeIlDeIqOPhAlAwiNteY47TYvHMzHcUbpkvbA07CSxqkBIDLkSuiRdXr6obvlH3zRxGo3k9eajygGj1RbYaPAwXHRt7tW89L1rZHtPK3CcqZGGa5iWQ0XAF0yqwqc5QD6l8mKM+dQAKUp9qIAPV0127QBtEVvEtQnhuAe8JX4z32yl6gowhVvEpQToC4+FZzUcmrLOQ1UsjVG47mk8p5XUlU8yJKOQG6ez+fsKd4VS9CqXtcilDZazqDukemBNW9xbR0KKoJyPkeyzwov89XvTgfT7MKp+cjdhIX4Tzdjv2dXvnrXd9bJF4e1+lmYPXf99Zk1bsIV4UA7edqvP9t0s3aSTyJwLutbMOs7TXAFWyzrAQXb7+aGw14u3azXlyFzNFq7jZgXgA17STO4Xrfzvz5qIFvG6/3VTPX42Ps90eFytvfg3oI0AWZo7We2NCleahyJ2HBvCw3jr0eftBb6d9DgH69vWM3wRzlRonqUDkOi6eZZqtTPw/KXnITw9NM+3O322C9mxkqp+V6RF6j+wFqNzukNVIZ8HvfDp5muoH0pTzKEKDzEnnTn2SO8qNIdejP8vY0R5+sdrMjDwHC5ugvqN3MyLKH8OK0n9h/wxzlxgsCdF2cZpOd+6fVixSCbQJ+7shMjz6R7lYAmh69Th9ja6f/v+UlgYX2g4Le6/cHdz8D5p+iu1988cUXX3zxxRcs/gNIevBP4fqlgQAAAABJRU5ErkJggg=='),
(13, 'uploaded', 'data:image/jpeg;base64,/9j/4AAQSkZJRgABAQAAAQABAAD/2wCEAAkGBxMSEBUTEhMVFhUXGRUYGBgYGBgVFxgXFhIXFxYYFxUYHSggGBolHRYVITEhJSkrLi4uFx8zODMtNygtLisBCgoKDg0OGxAQGy0mICUvLy4vLy8rLS8tLS0tLS0tLS0tLS0tLS8tLS0tLS0tLS0tLS0tLS0tLS0tLS0tLS0tLf/AABEIAKgBLAMBEQACEQEDEQH/xAAaAAEAAwEBAQAAAAAAAAAAAAAAAwQFBgIB/8QAOhAAAQMCBAQDBwIFAwUAAAAAAQACEQMhBBIxQQUiUWETcYEGMkKRobHB0eEUI1Ji8DOCkhVDcqLx/8QAGgEBAAMBAQEAAAAAAAAAAAAAAAIDBAUBBv/EADIRAAICAQMDAwIFBAEFAAAAAAABAgMRBBIhMUFREyJhcYEUMpGhsQUjwfBCFTNS0eH/2gAMAwEAAhEDEQA/AOtWk4ZqcH4SapzOswfXsFCUsGiihz5fQ2awZQd/LhgNyAbE6TC5GqlZG1OGTtVemoYlgN47THvH5XWmid0vzw+5RbbTHpIlo8XDwS1joHxGACegEz9E1F/o9skqMWrKPj8c46QFz56+x9ODUqIrqRt/mENfzA6g6EeShTOdlsVJ5JTSjF4PeNwgbdohvQbfsulZDHKI02Z4ZntrAlwvy627bdVllcotrD/Q1OL4+TX4eGvoCRLXAyCNj1C21YlX9TDc3Gz5RRfwMNYQ0kwOWdQBt3WVae6lP05ZXZMvWrcpLPHkzfZ+pmrCbEFwI6EK7TWuyOZLDTxg06tYrZ1q1HIPFakHNLXCQdQvGs8MlGTi8oiwOEFJmQGRJI9TovIx2rBO212S3MsKRUV8XiC0Q0ZnGABManUnoNVFyxwTjDPL6HPcRw1UOLqgnuLj9l4/k6dM68YiVGNm0GDYkHKR3WfUxnKKjDzyeai6Fa938ZLtOmTYSfqrUjg9WaNPEPoNaag5CYmbtnQxuJVkU+hYpbI5kXcHUcWlztCSQLWb5g3Vdbnhuz/UaJbXjafGtFVgc5pHSYzC9jIUHGGpgpNfTyiWXVJpMr4PDsFeoTJqDKZP9JEAj5H5JTnc1Lqu/lFtlknVFLoaS0mUo8a/0Xen3XjL9N/3EYXDsCarujRqfwO6ikdC65Vr5N/GVW0KDnCAGi0zE7TF9Usnsg5eDmwTtsSfcyRXLySdbXFgZaDIBvHmubTdK3LZv2KKwj5h8McwA3JLoEZvNFTNJKD75fyJzSTbJcK5rhUPh5alJ+QuOpBAcCD0IISxydLcliSZTJYmnnKaLDMU4b/NZ4au2PcOqL7E7Med2z5GPutdeulJ4cSqVCXOSrU9oGC2Uh0iQ60dbtm62znPCcI5yZFbUm1N4weK/FM9mPA8jf6rn6i3UvjDRqplQ+dyZbbgGFgyAA6+ZNzK2xrzBeTyN22XwUXtIMHVUtYNaaayj4h6UBhGdFs9SXk+dVUPBpYKn4hyOJyxoCR9lFcvk015yZHGsH4VUj4Tcb26LVCSZg1FbhL4M9TKDq8BgG/wzS4SYzDsdRCwW0xblJ9zt6RtQiiMFcOyDhLB0ybC1A1wJV2jwrcsrsi5Rwi/RxVOpIa5rtiJ33BC7aakjI4yjyZ+Mw+Q9jp+iyzhtZsqs3r5NLBj+W3yWiv8qMlv52fBi2uJawhzhrGgPQnZVyvW5why/wDeo9NpJy4RRwfCi2qarnS9ziSPhAygAD5fVKK5xTc3lsus1CcNiXBeo4mXOaRBBsCRJHUDopQuUpuHdFMq8RUiSs/K0mCY2Gp8lOTwmyEVl4IP4yAS5rmwSBuXQJkAKn8QlHdNNFnpZfDyeK+PAHLcn6efdTnal0JV0t9TP8Q5sxN9Vny85Ne1YwX8FhnwTVqZ5MgRAAmQO6lGiUm5WSyuy7GSyyKeILB7rcPY4kkR5W9VqaRQ+Xl8k9CiGgAbL0PGeEYPtXX9xn+4/YflWVruYdZLpEocK4s6lynmYdR08v0UpQUimnUOt47HU4SvTcyWEZR9PPoqNqgsdEjpxn6nuXORRdme5wFoaA7+rU/K/wB1Cuanlrp58lsltSTGKruaWhtMvBJkggZR1vqvLbJQScYt/QQhGWcvBDWqMrZ6QdDhBcNwCbH6FeV3Rsyl1XUnFSqam1wWqFEMaGtEAK4qnNyeWe3CdUImVxBv8y24Cy2r3G2l+w94SziALiMzjoCROUdT1XiU09sV9X4+hC2Say39F/khq42i0Gm1+Zxdc680iZKWU408knnyyj8QvVipd+hGuIbyPAObVr5SAWtE/wC4EX9F2dLpFGvdNcv+Dmz1Tnbsj0X8mdx/D5KxjQgFdCiChDajm6zm3PkzVcZTpcHw8MohziRUIJHMRtMRMGyy2zi8PP0OpTTKNbIXVXHUkqlpPqSjdOPRnzOV5sRZ+Kt8lduKYXZWuDtbi4sYN9FH1oOSinyyMtPZFOUl0NzgtOzneivieVruQccw/iWFzt5rJZc69RFrusF9lCtpafXscv4ZzZYvMR3mF1jhYecHZVmVGzEGmGAZfikWnyhc6+VylmKzHv5PoalXtS7mcCstte+ODaWeGtbUh/w69Puq9BBSk5FN8nDjuUPaN8OD2jMIA5YmZ/dbJ6mCkoxTf07F2jXtcXwVm4x4EZiR0N1e1lYLnVDOcGphOIVSwuFNrmt1uWmALxYyV7lpcGO2mCmlnlkXBOL0xRM0ywBzpgSLuPMYvdY6dXWm4NbcP9Seo0k9+N2S+7idN7T4dVgdtm09RZanNNe18lH4ecH74vBJw+kYzPLHVDYubpGwlVaemUcysacn3+CF0lnbHKXhlt7wBJK0SnGKzJlSTfQoYjGTZth13XKv1rlxDhGqFOOWS0MMw02jKBba3mt9KU6kypzlCTwZ9OnnzFnMASOhkdQs9cvU3bV0eDU57cKXBqYF0sE6iy2Vv2mS5e4sKwqCA5TiWGqV8Q7I0kDlnQW1v5yrk0kc22ErLHhGhgPZ9jb1DmPT4f3UHPwX16RLmXJPiQ1ryGtABADhAgiNCN7Lj6u6UbePB1aYLYW8LiWkAadtvRatPqoTWOj8FVlclyWVrKjOZxRhJ5SIdlcTAiJue36rE9bBWbMNdm2afw8sdflHmtx6g3483/iJ+ui0O6BKOiul2wRYbjRrOy0qcxclzstvIAyUjbueEhfpHTDdJlfE4p5dPukdOx7qE4uXR4ZijqHFYaKWFpFr3uc4uDnF0HYnYfJZVRdGWVPj5RZZqK7IpOHK46luvhqrqzKZymnkLgfiY5sRPUGYVtavjJxm000/sWTrpnSpJNSTRX4jicoyN94z6AarHpao59S3iK/djVWTx6dazJ/sj77Jiajj/b9yu9N5SOTpE1Npk3tbS9x3mPyPylZLWR6MzOGYQuOYjlH3WXX3OuvEe57oKFZZufRHYMYCwAibfheVxTrimdCT9zOfqshxHQkL0xNYZPh8E54kaL1JskoNkmO4YGc7BAm7QIF9/msy0cI2Oz9uxruvnKG39X3J69cUKLMzgwOc0Fx0GY/4Fda9sOuPk901blwlnjJM6tTptzNGaNMvN3KzO7T1JOPOOOOSxRsm8Pj6mdTwzK9SniKc5STmBEEFpIuNjIhdCq5TryjDqNI4XLP3N54sV4y9dTHw2GLydgN+6ywg5G6yxQRo08KPDyOgy2HEWm0GOitrpUIbf1MkrHu3IxuM4RtNlNrBDRI69NTuvYVQrjtgsI26ayU5ScupQwmHNR4aP/g6qRpsmoRyzqqWHa1mQaRHz1UsHIlNuW5nAg5XlhcWzmB9Oy5N8U1tazk+jfMdyWT1wzBl7msm25OwGpKvqg3iJG+5VQc2b9apRDstCBAuRYHbXcrbKG1Hyll6tnnOWeTVcdSVVOEZ/mWRGyUejHOQcpg9SJHyWLUVVVxzg16eyycuXwV6fHKtPlhpgnUH9V1aKoKtbehzLNXaptSwSM9o3j/tsvrEiVb6aPPxs+6NXC4+o5md1NoadIJn1ELHqbXSspZOhpv7scvgl/6h/b9Vj/6i/wDxNP4f5PoxxNg2+11KGulOSionjoSWWzw7GvbZzGg7wZHoVqla08YPYURksplXDYxwLjEZjMEyB3b0lZqp2RcnLuy6dMXheCHEue4yCB1ETNrR0We3Y7VuWck4xUeOxnnEP6n7LctNUukTRsifDWc43c4+pV42RXRGhxLBNNMeAQ3+saSOpWHUqn82Mvx5M+nscJYsX0OSwdBzcwJB5nFsbNJsFTS2oZlx/g7EpJ8nV+x9P/Ud5N+5P4W3TNSTaOT/AFKX5YmjxXCfGPX9VfJdzjWR7mUWzYGJsq2srBXF4aOjo0A3TWACTcmO6nXUoLj9TXKbZn8Z4UKjZYIe3TuOitrSisY4M2oqdnK6mXwVn8OKlV5cQQ0BgEkGSIjqVinqXCyyU37FhL6mjS0RlXCMViTzl/BrcWwzq1EACHS0x0nX7rbXLuU6mrctq8lvC4RrKYYBaL9zuVGaU1hk64+mkkTtECEilFYRNvPJkY/DE1gB8X+FRa5KJx9xrUqYaABoFMtSwfXNkQUPSPE4ZlRhY9oc06g3CjKKksSXBKE5QeYvDPjWtpthoAGgA+yqxXRH2rHwetym8s84GiWt5tSXOPm5xMKdSko+7qe2STlx0PlKkfEc4zEAATLY6xsVCEZ+pKUunY9lJbEkeKNDLVceaMoAvy63gdVGEZq5v/jjg9lPMEu/7lxaSkzOP0yaYjXMPrZeM1aSWJ8nvg+FDGT8RJn0MQoweVkjqbN8vguVK7W+84D1v8lLJnfHLOIx9NhxRJnLmJkdHD9VzdRGTlmPZne09jlp04/7g0uDcIbUpOLswdJA8gbW3WzSN7dzWGcj+ozWoezPC/kpnCvo1QHjW07HyWueJR4OJGEq7MMugLKajoMJhg1mU76+as2JrDNMFtOX9ocL4da2jhProVdTFRjtXY52rX9zPkpYHDmpUawbn6bqxvCKK4b5JHcOojJlGkQPTRY7Yb4OJ2oPa1gyCF881h4OgW+HU5JPRb9BXmTn4KL5YWD3xOlIzdNfJdC6PGSOnnh7TNWc1mvhKAa0E6xJK0V1Rj7u5htm5PBg8XoAOD2EFj7gi4ndTynyjfp5trbLqirhWy8fNQm8RLpvCNCph8h8Wrm8MtykNBJBnUgXi5Wb0Up+rLxgyuzctkOpkeIym12S5cSGk7Nn7rLlXt4T2/Pc3qM7Gt3br8s0PZoNpnNna0PBzAmJcHWPnErVpk4zaisRx+5l12ZcY6fwdPII6grecoya2Cy1Wx7pPy7KGOSlwxI11MuCAo4fhrabXBpJLiTLjmvMj0Wb8NBVuEe/P3LZWuU1J/Tgut0WhdCpn1egICviauUg5CRBkjb03lVWWOGHhv6E4QUu/JYVpAqYDGGoCS0tiLHXTQ9Cs9F6tzhYwW21bMc5La0FRlcXrPZVoFrc4lwc2eYAt98dYj6rJqZ7HGWMtdu/1X0NVEVKE03jpz/gv0a+ZxGUiIuRYz0VlNzsbTi1jyUShhJ5JleQI34hjdXNHmQF5kkoSfRGXxHiUOYaVVsAnM3LmzCNAdlRf6vHpNfc1U6fKe+L+BV4s8sL2UszW6knfsFNzko5wI6ZKahKWMnNVeK1i8kOgHpYjsO2qwbZepvydWOlqSxjJuezVAPpvc8SS6JNzAA39VtpWU2zm/1FLcorwV8dwwtqhxu3buV5Kv3ZMq1MqqHUurf7Gzwb3D5/gK6Jmr6FvE4dr2w4T+D1CkSlFSWGZvDcJzknRpj1UIorhHk11MuMf2nw+akHbtP0Ov4U4Pky6uGYZ8FDgTAxrnkw9zTltJDRq4Dz+yp1WojX7W+f1JaDTt+/HHQ6HDNIEl2abi0QIFo/zVeVRko+55Nc2m+Fgo46nDp6rk62vbZldzTTLMSwa7KNMF5A+5J0AG5XQpUaKlueP/ZS4ytniKLTmyIO60tZRUnh5MhlD+ZlPX6LKoe7Buc/ZuLnEK8OZTyk+ISCQDAAEmTsvdU5NKuK/M8P4Rnqjw556HqtgGGl4bQGge7GxV8K4wiox6I8jdJT3szOCYQ5y4jQlpB6qLi3JPsatVatuF3N5WnPOLx9KXvG+Z0f8iqpxysHcpltin8G3wfhAa0GoATGhuB591KMcLBg1Op3vEehzlbEPp1HNa4gNeYE2EOMWWOTaePk6kK4WQTa6o2OG8arVCG5GvJn+2Mu52Csr1EpS24MOo0lUE5ZaNGrxI6CGnfMJgz29VbOU+NuPucyNlf/ACyXW4th+IfOPurco8UkyRjwbgg+Rlenp6QBACgIsPXDhoQf6TYjzCrrtU/h+GTnBxJVYQODoVahIa1zpJgQTur8JHHUpt4TZ0v8I+lfxHOBDZBJMOAuQehtbsuRrfUi98Xwd/TqO1Qa58nnxndSud61jec8mjZHwWKuHcG5w52a0iTEdhsuvCElWm3yUwlHfjHBSLydz81XlmnCLn/TmvpXAzEWdF+wnotVcfaZnc42ZXQ5yowtJBsQvTppprKOm4LSiiO8n5qSOXqZZsZz/H+E+Ec7ByH/ANT+iy217eUdPR6r1Ftl1/k2fZhkYcdy4/WPwrqV7TBr3m5mnVphwgiytMTWSozhwy5STZ2YEGDoqp1KcdrJVSdecFxjANFOMVFYQbyfQIUjw+oCOvSD2lp0IIT6HjSawzLqcHe1zXUaop2yvlubMJnlk8t5WSWnnj2S57trJqhdBR2yjlducYJuIUHNp521HZqfN1DgLlpHdeOn01vcnx+4rmpS2uK5/YuQKjWu2s4eREq6dcbUn9ylNwbRHj8O12VxbmLCCPyq9VSrFF4zh5J1TccpPGS0tRSVmVWGoQDzAQfofXUKlWQdm3uWuMlD4LKuKggPgaAh7k+oeFDC8ODajnm5JJHaT915g0TvcoqK6F9emc4ji2HJxT2tElzrDzErFNe9o7+nsSoUn2R1HCOHCiyNXH3j+PJaq4bUcjU6h3Sz27GfxFkVHd7/ADXkupz5rkl4ZhMxzOHKPqUiskq45eTG43Q8KsQ2wMERYX6QtUOhh1CcbH8jhfiVKgYHvA1NzoNV7LCR5TvlJJM367DThoc6ItJJPzK4WrlZXPhvDO/Uoyjyjwyq8kDMVnhbbOSipMscYpZwR8Rp+E+nBccxcJJJIsXH0sunb7HHnqead74tPsR5z1PzUMstwiH2YwMk1XCws3z3K6c32PntJVl72dFWYC0grNbBTg4s6MXh5MzCU8zh0F1xtNVvsx4NlktsTWIXdMJj1cNFTLsTbyWRwxLBujZmG41wFrMLOb9rXBjqUWdUfkmLWEye+3qs+os2JJPDfGX0OloW5KSfRLJu4Wm5oAJGUAAdZXtUbU/e00YbJRlz3JqtMOBa4SDYhXNZIRk4vKI8LhxTYGN0GiRWFglZNzk5MmXpAIAgCAIAgCAzK1ao/E+EBFNrA9zv6i5zgGj/AIlY7oTtsUFxHq/n4NMFCNW99c4Xx8mkAtiWODMfUAQENPCsa5zwOZxkmSdo9FWqoKW/HJN2SaUW+CZWEAgCAIAgCArswbRUNSOYgCegHRR2rOSx2ycFDsWFIrM7iGFL3tjfU9IUZLLK5xyy9SphoAGgUiaWDE9qsPLGv6GD5FWVvsZNZDhSPPCsNUpU2uZTDnVDzSYyMiQe/wC6o1M7Mf21ll+hpgotzeC/i8NULsxeMoB5I365teqwaii2UXKTXHbBvrsguEufJBgK7QHPMw05bggk9gdVm0koQzbLouPv8FlsZPEF3LraZqCXtifdG4HfuuhXCVnvmseF4/8ApnclW8Rf1Mx7SCQdlBrDwbE8rKNujSDGhrRAGi3N5OZGKisI+YiiHscx1w4EHyIgryUVJYZOMnFprseMJhG02hrBAAAHkFVVRCr8iJWWSm8yK/E6dU5TSOmrZyk3F57CbKvU1WTw4SxgnTKtZUy7kFjuN1pwU7mUcViqhq+FSyyGh7i6dCSAABqbFZ7Zzb2VtbsZ5Lq4QUN8846cEzmNqANqtBOsdxuFBON0fTuXPj/KPMuD3QZ5o1CKxp6tDGuHaSRH0K9pjOFjhnMcLAkk61LvkuLWUkQrc+SNBJPSTpCr9Rb9nxknt9u4lVhAIAgCAIAgCAq46g9wBpvyPG5GYEdHDoq7Iya9rwyyuUU/cso+0aD8+dz55Yyj3Z6ququ1S3Tln47Hspx27Yr79yytBUEAQBAEAQHiuJaQLmDvH12UZpuLSJReGjxgwRTbmmYvNz6kaqFKmq0p9T2xpyeOhMrSAQBAEBXoZw5wfcFxLY2bAse6qg57mpLjsWS2tLb9yWtSD25XCQfwZVqeCqUVJYZ7Q9CAz+F0wW5v7nRJmOaPTRY9Pp4x9z8vHwaLpvOPhGgthnIamGa4yRdQcE+WTjZKKwiZTIBAEAQEVB+ziMw1j7wq4Szw+qJSXddD6aQzZt4iey8dUXNWdxue3b2IsbhBUESWkaOaYIUL9NG7DeU13XUnVa4PyQs8PDMAc93MYzOJc5zj1P8AgCk5QojmT+7PcTulwvsi8DKtTTWUU9D7C9AQBAEAQETK7S9zAeZsEjpOiipxcnHPKJODSUuzJVIiEAQBAEBCKR8TMTaIABMd5GkqrZL1NzfHgnuW3GCZWkAgCAIAgCAIAgCAIAgCAIAgKGIZToB9XNkBkuvyk9cvXyWW2MK27N2Pvx+hfBztxDGf5/Us4StnpsfBGZrXQbESJgrRCW6KZVOO2Tj4JlIiEAQBAEB8yiZi/VBk+oAgPhE6rxpPhhPBDSwwa9zw51wBlnlEbgdVXXTGEm49+3YslY5RUX2J1aVhAEAQBAV8VRcYNNwa4ESSJBbNwfRUWVNyU4vDX7rwWQlFcSWUWFeVhAEAQBAEAQBAEAQBAEAQBAEAQBAEAQBAVWYWS41IdzS0RZogR6rP+HjKblPnx8Frswko8eS0tBUEAQBAEAQBAEAQBAEAQBAEAQBAEAQBAEAQBAEAQBAEAQBAEAQBAEAQBAeKtQNEuMBQssjCLlJ8HsYuTwiDCuql7i7L4dsgE5u5P0VVE7J5clhdvJZNQSSXXuWloKggCAIAgCAIAgCAIAgCAIAgCAIAgCAIAgCAIAgCAIAgCAIAgCAIAgCAIAgCAr43BMqhofMNcHCDF2m09Qq7ao2LEkWV2yreY/QsKwrCAIAgCAIDw2oCSARI1G4UVOLeE+T1xaWT2pHgQBAEAQBAEAQBAEAQBAEAQBAEAQBAEAQBAEAQBAEAQBAEAQBAEAQBAEAQBAEBSfgCXuPivAcNBAg9WmPvKyPSf3HNSaz1L1clFLauC6FrKAgCAIAgCAIAgCAIAgCAIAgCAIAgCAIAgCAIAgCAIAgCAIAgCAIAgCA8VagaJOijOSitzPYxcnhHyjVDhImL69jC8hNTjuR7KO14ZIpkQgCAICHEMcRDXZdbxJHSFVZGcvyPBODivzLJKNFaQPqAIAgCAIAgCAIAgCAIAgCAIAgCAIAgCAIAgCAIAgCAIAgCAIAgCAIAgCAIAgCAIAgCAIAgCAIAgCAIAgCAIAgCAIAgCAIAgCAIAgCAIAgCAIAgCAIAgCAIAgCAIAgCAIAgCAIAgCAIAgCAIAgCAIAgCAIAgCAIAgCAIAgCAIAgCAIAgCAIAgCAIAgCAIAgCAIAgCAIAgCAIAgCAIAgCAIAgCAIAgCAIAgCAIAgCAIAgCAIAgCAIAgCAIAgCAIAgCAIAgCAIAgCAIAgCAIAgCAIAgCAIAgCAIAgCAIAgCAIAgCAIAgCAIAgCAIAgCAIAgCAIAgCAIAgCAIAgCAIAgCAIAgCAIAgCAIAgCAIAgCAIAgCAIAgCA//2Q==');

-- --------------------------------------------------------

--
-- Table structure for table `promotion`
--

CREATE TABLE `promotion` (
  `promotion_id` int(11) NOT NULL,
  `name` varchar(255) NOT NULL,
  `photo_id` int(11) DEFAULT NULL,
  `description` text NOT NULL
) ENGINE=InnoDB DEFAULT CHARSET=utf8mb4 COLLATE=utf8mb4_general_ci;

--
-- Dumping data for table `promotion`
--

INSERT INTO `promotion` (`promotion_id`, `name`, `photo_id`, `description`) VALUES
(1, 'Dan zaljubljenih', 8, 'Specijalna ponuda povodom Dana zaljubljenih: 20% popusta na sve događaje.'),
(2, 'Uskršnja akcija', 9, 'Uskršnja promocija: besplatna dekoracija za sve proslave u aprilu.'),
(3, 'Letnja rasprodaja', 10, 'Letnja akcija: popust od 15% za sve venčanja rezervisana tokom jula.'),
(4, 'Novogodišnja ponuda', 11, 'Rezervišite novogodišnji događaj i ostvarite popust od 25%.'),
(5, 'Crni petak', 12, 'Specijalna Crni petak ponuda: 30% popusta na sve korporativne događaje.');

-- --------------------------------------------------------

--
-- Table structure for table `user`
--

CREATE TABLE `user` (
  `user_id` int(11) NOT NULL,
  `username` varchar(255) NOT NULL,
  `first_name` varchar(100) DEFAULT NULL,
  `last_name` varchar(100) DEFAULT NULL,
  `phone` varchar(50) DEFAULT NULL,
  `address` varchar(255) DEFAULT NULL,
  `user_type_id` int(11) NOT NULL,
  `password` text NOT NULL
) ENGINE=InnoDB DEFAULT CHARSET=utf8mb4 COLLATE=utf8mb4_general_ci;

--
-- Dumping data for table `user`
--

INSERT INTO `user` (`user_id`, `username`, `first_name`, `last_name`, `phone`, `address`, `user_type_id`, `password`) VALUES
(1, 'vanja', 'Vanja', 'Milutinovic', '0645993433', 'Vatroslava Jagica 5', 1, '12'),
(2, 'kupac', 'Nikola', 'Petric', '0645993433', 'Vatroslava Jagića 5', 2, '1234'),
(3, 'nikola', 'Nikola', 'P', '0645553322', 'Aresa 1', 2, '4321');

-- --------------------------------------------------------

--
-- Table structure for table `user_type`
--

CREATE TABLE `user_type` (
  `user_type_id` int(11) NOT NULL,
  `name` varchar(50) NOT NULL
) ENGINE=InnoDB DEFAULT CHARSET=utf8mb4 COLLATE=utf8mb4_general_ci;

--
-- Dumping data for table `user_type`
--

INSERT INTO `user_type` (`user_type_id`, `name`) VALUES
(1, 'Organizator'),
(2, 'Kupac');

--
-- Indexes for dumped tables
--

--
-- Indexes for table `event`
--
ALTER TABLE `event`
  ADD PRIMARY KEY (`event_id`),
  ADD KEY `event_offer_fk` (`event_offer_id`),
  ADD KEY `event_status_fk` (`event_status_id`),
  ADD KEY `event_customer_fk` (`customer_id`);

--
-- Indexes for table `event_offer`
--
ALTER TABLE `event_offer`
  ADD PRIMARY KEY (`event_offer_id`),
  ADD KEY `offer_photo_fk` (`photo_id`);

--
-- Indexes for table `event_status`
--
ALTER TABLE `event_status`
  ADD PRIMARY KEY (`event_status_id`);

--
-- Indexes for table `notification`
--
ALTER TABLE `notification`
  ADD PRIMARY KEY (`notification_id`),
  ADD KEY `event_notification_fk` (`event_id`);

--
-- Indexes for table `photo`
--
ALTER TABLE `photo`
  ADD PRIMARY KEY (`photo_id`);

--
-- Indexes for table `promotion`
--
ALTER TABLE `promotion`
  ADD PRIMARY KEY (`promotion_id`),
  ADD KEY `promotion_photo_fk` (`photo_id`);

--
-- Indexes for table `user`
--
ALTER TABLE `user`
  ADD PRIMARY KEY (`user_id`),
  ADD UNIQUE KEY `email` (`username`),
  ADD KEY `user_type_id` (`user_type_id`);

--
-- Indexes for table `user_type`
--
ALTER TABLE `user_type`
  ADD PRIMARY KEY (`user_type_id`);

--
-- AUTO_INCREMENT for dumped tables
--

--
-- AUTO_INCREMENT for table `event`
--
ALTER TABLE `event`
  MODIFY `event_id` int(11) NOT NULL AUTO_INCREMENT, AUTO_INCREMENT=16;

--
-- AUTO_INCREMENT for table `event_offer`
--
ALTER TABLE `event_offer`
  MODIFY `event_offer_id` int(11) NOT NULL AUTO_INCREMENT, AUTO_INCREMENT=11;

--
-- AUTO_INCREMENT for table `event_status`
--
ALTER TABLE `event_status`
  MODIFY `event_status_id` int(11) NOT NULL AUTO_INCREMENT, AUTO_INCREMENT=5;

--
-- AUTO_INCREMENT for table `notification`
--
ALTER TABLE `notification`
  MODIFY `notification_id` int(11) NOT NULL AUTO_INCREMENT, AUTO_INCREMENT=26;

--
-- AUTO_INCREMENT for table `photo`
--
ALTER TABLE `photo`
  MODIFY `photo_id` int(11) NOT NULL AUTO_INCREMENT, AUTO_INCREMENT=15;

--
-- AUTO_INCREMENT for table `promotion`
--
ALTER TABLE `promotion`
  MODIFY `promotion_id` int(11) NOT NULL AUTO_INCREMENT, AUTO_INCREMENT=6;

--
-- AUTO_INCREMENT for table `user`
--
ALTER TABLE `user`
  MODIFY `user_id` int(11) NOT NULL AUTO_INCREMENT, AUTO_INCREMENT=4;

--
-- AUTO_INCREMENT for table `user_type`
--
ALTER TABLE `user_type`
  MODIFY `user_type_id` int(11) NOT NULL AUTO_INCREMENT, AUTO_INCREMENT=3;

--
-- Constraints for dumped tables
--

--
-- Constraints for table `event`
--
ALTER TABLE `event`
  ADD CONSTRAINT `event_customer_fk` FOREIGN KEY (`customer_id`) REFERENCES `user` (`user_id`),
  ADD CONSTRAINT `event_offer_fk` FOREIGN KEY (`event_offer_id`) REFERENCES `event_offer` (`event_offer_id`),
  ADD CONSTRAINT `event_status_fk` FOREIGN KEY (`event_status_id`) REFERENCES `event_status` (`event_status_id`);

--
-- Constraints for table `event_offer`
--
ALTER TABLE `event_offer`
  ADD CONSTRAINT `offer_photo_fk` FOREIGN KEY (`photo_id`) REFERENCES `photo` (`photo_id`) ON DELETE CASCADE ON UPDATE NO ACTION;

--
-- Constraints for table `notification`
--
ALTER TABLE `notification`
  ADD CONSTRAINT `event_notification_fk` FOREIGN KEY (`event_id`) REFERENCES `event` (`event_id`) ON DELETE NO ACTION ON UPDATE NO ACTION;

--
-- Constraints for table `promotion`
--
ALTER TABLE `promotion`
  ADD CONSTRAINT `promotion_photo_fk` FOREIGN KEY (`photo_id`) REFERENCES `photo` (`photo_id`) ON DELETE CASCADE ON UPDATE NO ACTION;

--
-- Constraints for table `user`
--
ALTER TABLE `user`
  ADD CONSTRAINT `user_ibfk_1` FOREIGN KEY (`user_type_id`) REFERENCES `user_type` (`user_type_id`);
COMMIT;

/*!40101 SET CHARACTER_SET_CLIENT=@OLD_CHARACTER_SET_CLIENT */;
/*!40101 SET CHARACTER_SET_RESULTS=@OLD_CHARACTER_SET_RESULTS */;
/*!40101 SET COLLATION_CONNECTION=@OLD_COLLATION_CONNECTION */;
